file,keyword,vol,kd,cpc,intent,has_geo
USHOMEBUY (1).xlsx,what does under contract mean in real estate,5400.0,25,0.02,C,True
USHOMEBUY (1).xlsx,lakewood zip code,4400.0,14,0.0,I,True
USHOMEBUY (1).xlsx,what does active under contract mean,4400.0,24,0.03,I,True
USHOMEBUY (1).xlsx,federa home app,3600.0,27,2.25,I,True
USHOMEBUY (1).xlsx,does a sight adds value to property,2900.0,19,0.0,I,True
USHOMEBUY (1).xlsx,best home renovation ideas for 2025,2900.0,20,0.0,C I,True
USHOMEBUY (1).xlsx,home loan pre approval napier,2900.0,23,0.0,I,True
USHOMEBUY (1).xlsx,under contract meaning,2900.0,27,0.0,C,True
USHOMEBUY (1).xlsx,active under contract meaning,2400.0,26,0.02,C I,True
USHOMEBUY (1).xlsx,how to find nueces county home value appraisal,1900.0,20,0.0,I,True
USHOMEBUY (1).xlsx,need to sell my house fast,1900.0,23,44.79,I,False
USHOMEBUY (1).xlsx,under contract,1900.0,23,0.71,C I,True
USHOMEBUY (1).xlsx,what does it mean when a house is under contract,1900.0,23,0.02,I,True
USHOMEBUY (3).xlsx,sell my house fast houston,1600.0,15,35.22,C,False
USHOMEBUY (1).xlsx,home builder lead generation promise,1600.0,17,0.0,I,True
USHOMEBUY (1).xlsx,va home loan inspection requirements,1600.0,20,0.94,I,True
USHOMEBUY (1).xlsx,how much to paint outside of house,1600.0,22,3.53,I,True
USHOMEBUY (1).xlsx,we buy houses sacramento ca,1600.0,25,30.07,T,False
USHOMEBUY (1).xlsx,we buy houses orlando,1600.0,26,23.25,T,False
USHOMEBUY (1).xlsx,we buy houses san antonio,1600.0,26,36.75,T,False
USHOMEBUY (1).xlsx,active under contract,1600.0,27,0.85,I,True
USHOMEBUY (1).xlsx,residential appraisal cost,1600.0,29,2.87,I,True
USHOMEBUY (1).xlsx,we buy your house cash jackson county mo,1300.0,3,0.0,I,False
USHOMEBUY (1).xlsx,we buy houses eastpointe mi,1300.0,6,0.0,I,False
USHOMEBUY (1).xlsx,studio city zip code,1300.0,13,0.0,I,True
USHOMEBUY (1).xlsx,furnace renovation cost,1300.0,20,0.0,I,True
USHOMEBUY (1).xlsx,meet the team owner operations manager contact details,1300.0,22,0.0,I,True
USHOMEBUY (1).xlsx,roofing and home value,1300.0,22,0.0,I,True
USHOMEBUY (1).xlsx,we buy houses bethel park pa,1300.0,23,0.0,T,False
USHOMEBUY (2).xlsx,govdeals va,1300.0,24,0.03,T N,True
USHOMEBUY (3).xlsx,sell my house fast sacramento,1300.0,26,12.83,C,False
USHOMEBUY (3).xlsx,sell my house fast orlando,1300.0,28,27.85,C,False
USHOMEBUY (1).xlsx,how do i sell my house without a realtor,1300.0,29,8.33,I,False
USHOMEBUY (1).xlsx,trending decorative hardware consumer behavior report,1000.0,8,0.0,I,True
USHOMEBUY (1).xlsx,cash for houses richmond,1000.0,12,0.0,C,True
USHOMEBUY (1).xlsx,we buy houses warren mi,1000.0,12,0.0,C,False
USHOMEBUY (1).xlsx,house designs and cost to build,1000.0,14,0.93,I,True
USHOMEBUY (3).xlsx,sell my house fast florida,1000.0,15,22.43,C,False
USHOMEBUY (1).xlsx,real estate what does under contract mean,1000.0,16,0.02,C,True
USHOMEBUY (1).xlsx,zip code studio city los angeles,1000.0,16,0.0,I,True
USHOMEBUY (1).xlsx,we buy houses sterling heights mi,1000.0,18,0.0,T,False
USHOMEBUY (1).xlsx,we buy houses tacoma,1000.0,18,16.58,T,False
USHOMEBUY (1).xlsx,north richland hills zip code,1000.0,19,0.0,I,True
USHOMEBUY (1).xlsx,tax appraisal vs market value,1000.0,20,1.02,C,True
USHOMEBUY (1).xlsx,studio city los angeles ca zip code,1000.0,21,0.0,I,True
USHOMEBUY (1).xlsx,we buy houses dallas,1000.0,21,14.56,T,False
USHOMEBUY (1).xlsx,we buy houses sacramento,1000.0,22,30.07,T,False
USHOMEBUY (1).xlsx,we buy houses indiana,1000.0,23,44.0,T,False
USHOMEBUY (1).xlsx,sell my house dallas,1000.0,24,23.7,I,False
USHOMEBUY (1).xlsx,sell my house quickly,1000.0,25,73.06,I,False
USHOMEBUY (1).xlsx,condemned house,1000.0,26,5.18,I,True
USHOMEBUY (1).xlsx,deed of trust meaning,1000.0,26,0.32,I,True
USHOMEBUY (1).xlsx,we buy houses pittsburgh,1000.0,27,27.32,T,False
USHOMEBUY (1).xlsx,we buy houses tennessee,1000.0,27,35.39,T,False
USHOMEBUY (1).xlsx,how much value does a finished basement add,1000.0,28,2.56,I,True
USHOMEBUY (1).xlsx,we buy houses nashville,1000.0,29,14.25,T,False
USHOMEBUY (1).xlsx,average cost of a veneer repair guest author guidelines,880.0,0,0.0,I,True
USHOMEBUY (1).xlsx,sell my house fast creswell or,880.0,0,0.0,I,False
USHOMEBUY (1).xlsx,sell my house fast maple heights oh,880.0,1,0.0,C,False
USHOMEBUY (3).xlsx,sell my house fast new jersey,880.0,15,12.34,C,False
USHOMEBUY (1).xlsx,homes for sale in bedford county va,880.0,15,0.43,T,True
USHOMEBUY (1).xlsx,studio city ca zip code,880.0,16,0.0,I,True
USHOMEBUY (1).xlsx,wendover massachusetts,880.0,17,0.0,I,True
USHOMEBUY (1).xlsx,north richland hills tx zip code,880.0,18,0.0,I,True
USHOMEBUY (1).xlsx,sell my house los angeles,880.0,20,31.02,C,False
USHOMEBUY (3).xlsx,sell my house fast atlanta,880.0,21,18.55,C,False
USHOMEBUY (1).xlsx,what does tax assessed value mean,880.0,21,0.1,I,True
USHOMEBUY (1).xlsx,sell my house fast kansas city,880.0,22,29.6,C,False
USHOMEBUY (3).xlsx,sell my house fast columbus ohio,880.0,24,28.1,C,False
USHOMEBUY (1).xlsx,how can i sell my house quickly,880.0,24,31.37,I,False
USHOMEBUY (1).xlsx,we buy houses in new jersey,880.0,24,22.01,T,False
USHOMEBUY (3).xlsx,sell my house fast texas,880.0,25,29.36,C,False
USHOMEBUY (1).xlsx,under contract means,880.0,25,0.02,C,True
USHOMEBUY (1).xlsx,we buy houses kentucky,880.0,27,20.48,T,False
USHOMEBUY (1).xlsx,sell my house chicago,880.0,28,26.36,I T,False
USHOMEBUY (1).xlsx,the point at deerfield apartments,880.0,28,1.12,N,True
USHOMEBUY (1).xlsx,lieu of deed,880.0,29,2.92,I,True
USHOMEBUY (1).xlsx,we buy houses tucson,880.0,29,37.47,C,False
USHOMEBUY (1).xlsx,zoodealio,880.0,29,10.1,N,True
USHOMEBUY (1).xlsx,sell my house orlando,720.0,6,15.69,C,False
USHOMEBUY (1).xlsx,we buy houses redmond,720.0,7,0.0,T,False
USHOMEBUY (1).xlsx,tennessee spiders,720.0,8,0.49,I,True
USHOMEBUY (3).xlsx,sell my house fast georgia,720.0,10,28.71,C,False
USHOMEBUY (1).xlsx,how do i sell my house fast,720.0,10,30.92,I,False
USHOMEBUY (1).xlsx,old town zip code,720.0,10,0.0,I,True
USHOMEBUY (3).xlsx,sell my house fast nj,720.0,11,16.83,C,False
USHOMEBUY (1).xlsx,anthem az zip code,720.0,11,0.0,I,True
USHOMEBUY (1).xlsx,anthem zip code az,720.0,11,0.0,I,True
USHOMEBUY (1).xlsx,silver lake zip code,720.0,11,0.0,I,True
USHOMEBUY (1).xlsx,zip code wakefield,720.0,12,0.0,I,True
USHOMEBUY (1).xlsx,sell my house las vegas,720.0,13,36.36,C,False
USHOMEBUY (1).xlsx,we buy houses south bend in,720.0,13,0.0,T,False
USHOMEBUY (1).xlsx,north hills zip code,720.0,15,0.0,I,True
USHOMEBUY (1).xlsx,we buy houses bellingham,720.0,15,0.0,I,False
USHOMEBUY (1).xlsx,we buy houses york,720.0,15,0.0,nan,False
USHOMEBUY (1).xlsx,sell my house nashville,720.0,16,0.0,C,False
USHOMEBUY (1).xlsx,do closing costs include realtor fees,720.0,17,2.0,I,True
USHOMEBUY (1).xlsx,we buy houses grand rapids,720.0,18,13.2,T,False
USHOMEBUY (3).xlsx,sell my house fast houston tx,720.0,19,35.22,C,False
USHOMEBUY (1).xlsx,average time to sell a house by zip code,720.0,19,4.52,I,True
USHOMEBUY (1).xlsx,does a pool add value to your home,720.0,19,0.53,I,True
USHOMEBUY (1).xlsx,how much value does a pool add to a home,720.0,19,0.42,I,True
USHOMEBUY (1).xlsx,we buy houses syracuse,720.0,19,14.31,T,False
USHOMEBUY (1).xlsx,cma real estate definition,720.0,20,3.08,I,True
USHOMEBUY (1).xlsx,how much does a new roof increase home value,720.0,20,6.31,I,True
USHOMEBUY (1).xlsx,va home inspection requirements,720.0,20,0.94,I,True
USHOMEBUY (1).xlsx,open available,720.0,21,0.0,I,True
USHOMEBUY (1).xlsx,we buy houses miami,720.0,21,14.99,T,False
USHOMEBUY (1).xlsx,we buy houses washington dc,720.0,21,27.78,I,True
USHOMEBUY (1).xlsx,sell my house fast nevada,720.0,22,0.0,I,True
USHOMEBUY (1).xlsx,active under contract vs pending,720.0,23,0.0,C,True
USHOMEBUY (1).xlsx,define active contingent,720.0,23,0.04,I,True
USHOMEBUY (1).xlsx,tcu zip code,720.0,23,0.0,I N,True
USHOMEBUY (1).xlsx,we buy houses atlanta,720.0,23,25.48,T,False
USHOMEBUY (1).xlsx,we buy houses philadelphia,720.0,23,25.08,N T,True
USHOMEBUY (3).xlsx,sell my house fast jacksonville,720.0,24,16.26,C,False
USHOMEBUY (1).xlsx,how can i sell my house fast,720.0,24,30.92,I,False
USHOMEBUY (1).xlsx,real estate definitions,720.0,24,2.05,I,True
USHOMEBUY (1).xlsx,sell my house knoxville,720.0,24,0.0,C,False
USHOMEBUY (3).xlsx,sell my house fast in dallas,720.0,26,9.08,C,False
USHOMEBUY (1).xlsx,silverlake la zip code,720.0,26,0.0,I,True
USHOMEBUY (1).xlsx,we buy houses nebraska,720.0,26,7.45,C,False
USHOMEBUY (1).xlsx,what is fair market value of a house,720.0,26,2.5,I,True
USHOMEBUY (3).xlsx,sell my house fast las vegas,720.0,27,28.67,C,False
USHOMEBUY (1).xlsx,do pools add value to a house,720.0,27,0.62,I,True
USHOMEBUY (1).xlsx,how to write a real estate listing description,720.0,27,2.08,I,True
USHOMEBUY (1).xlsx,sell my house as is for cash,720.0,27,56.6,C,False
USHOMEBUY (1).xlsx,we buy houses birmingham,720.0,27,26.33,T,False
USHOMEBUY (1).xlsx,we buy houses cleveland,720.0,27,18.52,T,False
USHOMEBUY (1).xlsx,we buy houses tucson az,720.0,28,37.47,T,False
USHOMEBUY (1).xlsx,define hoa,720.0,29,0.6,I,True
USHOMEBUY (1).xlsx,we buy houses nevada,720.0,29,0.0,T,True
USHOMEBUY (1).xlsx,we buy houses tulsa,720.0,29,32.05,T,False
USHOMEBUY (1).xlsx,sell my house jersey city,590.0,4,0.0,I,False
USHOMEBUY (1).xlsx,we buy houses coral gables,590.0,5,0.0,C I,False
USHOMEBUY (1).xlsx,anthem zip code,590.0,6,0.0,I,True
USHOMEBUY (1).xlsx,sell my house during divorce florida,590.0,6,0.0,I,False
USHOMEBUY (1).xlsx,we buy houses placer county,590.0,6,0.0,T,False
USHOMEBUY (1).xlsx,sell my house oakland,590.0,7,52.4,C,False
USHOMEBUY (2).xlsx,can a non veteran assume a va loan,590.0,8,2.02,I,True
USHOMEBUY (1).xlsx,sell my house scottsdale,590.0,8,0.0,I,False
USHOMEBUY (3).xlsx,sell my house fast for cash near me,590.0,9,67.88,T,False
USHOMEBUY (1).xlsx,documents needed to sell a house in texas,590.0,9,0.0,I,True
USHOMEBUY (1).xlsx,zip code anthem arizona,590.0,9,0.0,I,True
USHOMEBUY (1).xlsx,sell my house fremont,590.0,10,0.0,C,False
USHOMEBUY (1).xlsx,we buy houses alexandria va,590.0,10,23.87,T,True
USHOMEBUY (3).xlsx,sell my house fast fort worth,590.0,11,16.87,C,False
USHOMEBUY (1).xlsx,we buy houses bellevue,590.0,11,0.0,T,False
USHOMEBUY (1).xlsx,we buy houses reno,590.0,11,30.86,I,False
USHOMEBUY (1).xlsx,we buy houses stockton ca,590.0,11,29.56,C,False
USHOMEBUY (1).xlsx,zip code in studio city ca,590.0,11,0.0,I,True
USHOMEBUY (1).xlsx,sell my house long beach,590.0,12,0.0,C I,False
USHOMEBUY (1).xlsx,we buy houses lexington,590.0,12,14.55,T,False
USHOMEBUY (1).xlsx,zip code highland park,590.0,12,0.0,I,True
USHOMEBUY (3).xlsx,sell my house fast baltimore,590.0,13,22.21,C,True
USHOMEBUY (1).xlsx,lakewood zipcode,590.0,13,0.0,I,True
USHOMEBUY (1).xlsx,sell my house west hollywood,590.0,13,0.0,C,False
USHOMEBUY (1).xlsx,we buy houses lawton ok,590.0,13,0.0,T,False
USHOMEBUY (1).xlsx,sell my house fast st louis,590.0,14,34.79,C,False
USHOMEBUY (1).xlsx,sell my house san francisco,590.0,14,0.0,I,False
USHOMEBUY (1).xlsx,trade houses,590.0,15,3.58,I,True
USHOMEBUY (1).xlsx,we buy houses columbus ohio,590.0,15,35.75,C,False
USHOMEBUY (1).xlsx,we buy houses temecula,590.0,15,0.0,T,False
USHOMEBUY (1).xlsx,sell my house fast tacoma,590.0,16,20.02,C,False
USHOMEBUY (1).xlsx,we buy houses rochester,590.0,16,13.54,T,False
USHOMEBUY (1).xlsx,we buy houses vancouver,590.0,16,0.0,T,True
USHOMEBUY (1).xlsx,we buy houses richmond,590.0,17,41.27,T,True
USHOMEBUY (1).xlsx,we buy houses yuma az,590.0,17,11.8,T,False
USHOMEBUY (1).xlsx,sell my house louisville,590.0,18,0.0,C,False
USHOMEBUY (1).xlsx,various types of houses,590.0,18,0.09,I,True
USHOMEBUY (1).xlsx,we buy houses columbia sc,590.0,18,15.54,T,False
USHOMEBUY (1).xlsx,we buy houses buffalo ny,590.0,19,35.31,C,False
USHOMEBUY (3).xlsx,sell my house fast los angeles,590.0,20,18.72,C,False
USHOMEBUY (3).xlsx,sell my house fast phoenix,590.0,20,25.13,C,False
USHOMEBUY (1).xlsx,i need to sell my house fast,590.0,20,68.17,I,False
USHOMEBUY (1).xlsx,studio city la zip code,590.0,20,0.0,I,True
USHOMEBUY (1).xlsx,what does it mean when a home is under contract,590.0,20,0.02,C,True
USHOMEBUY (3).xlsx,sell my house fast california,590.0,21,22.94,C,False
USHOMEBUY (1).xlsx,cost to paint house outside,590.0,21,4.85,I,True
USHOMEBUY (1).xlsx,how long can a house be under contract,590.0,21,0.0,I,True
USHOMEBUY (1).xlsx,we buy houses grand rapids mi,590.0,21,0.0,T,False
USHOMEBUY (1).xlsx,we buy houses salt lake city,590.0,21,78.98,T,False
USHOMEBUY (1).xlsx,we buy houses san diego ca,590.0,21,38.58,T,False
USHOMEBUY (1).xlsx,we buy houses south carolina,590.0,21,35.44,T,False
USHOMEBUY (2).xlsx,can you buy a foreclosure with a va loan,590.0,22,6.71,I,True
USHOMEBUY (1).xlsx,are realtor fees included in closing costs,590.0,22,1.37,I,True
USHOMEBUY (1).xlsx,sell my house fast philadelphia,590.0,22,17.93,C,True
USHOMEBUY (1).xlsx,we buy houses louisville ky,590.0,22,41.06,T,False
USHOMEBUY (1).xlsx,we buy houses fort myers,590.0,23,21.63,T,False
USHOMEBUY (1).xlsx,ballantyne nc zip code,590.0,24,0.0,C I,True
USHOMEBUY (1).xlsx,ballantyne zip code,590.0,24,0.0,C I,True
USHOMEBUY (1).xlsx,does a new roof increase home value,590.0,24,5.77,I,True
USHOMEBUY (1).xlsx,sell my house austin,590.0,24,23.39,C,False
USHOMEBUY (1).xlsx,sell my house jacksonville,590.0,24,35.21,C,False
USHOMEBUY (1).xlsx,tcu zip code fort worth,590.0,24,0.0,I,True
USHOMEBUY (1).xlsx,we buy houses in sacramento,590.0,24,30.07,T,False
USHOMEBUY (3).xlsx,sell my house fast colorado,590.0,25,40.95,C,False
USHOMEBUY (1).xlsx,condemned housing,590.0,25,7.24,I,True
USHOMEBUY (1).xlsx,does adding a pool increase home value,590.0,25,0.0,I,True
USHOMEBUY (1).xlsx,sell my house waco,590.0,25,0.0,C,False
USHOMEBUY (1).xlsx,we buy houses arizona,590.0,25,31.77,T,False
USHOMEBUY (1).xlsx,declutter home for sale,590.0,26,1.73,I,True
USHOMEBUY (1).xlsx,we buy houses louisville,590.0,26,41.06,C,False
USHOMEBUY (1).xlsx,decluttering house for sale,590.0,27,1.73,I,True
USHOMEBUY (1).xlsx,we buy houses jacksonville,590.0,27,26.56,T,False
USHOMEBUY (1).xlsx,fair market value of property,590.0,28,1.79,I,True
USHOMEBUY (1).xlsx,houses in maryland for 2278,590.0,28,0.0,I,True
USHOMEBUY (1).xlsx,we buy houses in phoenix,590.0,28,0.0,C,False
USHOMEBUY (3).xlsx,sell my house fast arizona,590.0,29,28.14,C,False
USHOMEBUY (1).xlsx,sell my house fast paterson new jersey,480.0,0,0.0,C,False
USHOMEBUY (1).xlsx,sell my house chester,480.0,3,36.48,I,False
USHOMEBUY (1).xlsx,sell my house fast in chester,480.0,4,0.0,I,False
USHOMEBUY (1).xlsx,sell my house norfolk,480.0,4,0.0,C,True
USHOMEBUY (1).xlsx,sell my house delray beach,480.0,6,0.0,I,True
USHOMEBUY (1).xlsx,we buy houses alaska,480.0,6,28.32,C,False
USHOMEBUY (3).xlsx,we buy homes for cash near me,480.0,9,43.41,T,False
USHOMEBUY (1).xlsx,sell my house columbia,480.0,9,0.0,I,False
USHOMEBUY (1).xlsx,sell my house huntington beach,480.0,9,0.0,T,False
USHOMEBUY (1).xlsx,should i rent or sell my house calculator,480.0,9,2.98,C,False
USHOMEBUY (1).xlsx,benbrook zip code,480.0,10,0.0,I,True
USHOMEBUY (1).xlsx,sell my house fast atlantic city new jersey,480.0,10,0.0,C,False
USHOMEBUY (1).xlsx,sell my house portland,480.0,10,0.0,C,False
USHOMEBUY (1).xlsx,sell my house providence,480.0,10,0.0,C,True
USHOMEBUY (1).xlsx,we buy houses victoria,480.0,10,0.0,T,False
USHOMEBUY (1).xlsx,we buy houses yakima wa,480.0,10,0.0,T,False
USHOMEBUY (1).xlsx,zip code anthem az,480.0,10,0.0,I,True
USHOMEBUY (1).xlsx,zip code arcadia,480.0,10,0.0,I,True
USHOMEBUY (3).xlsx,sell my house fast louisville,480.0,11,13.34,C,False
USHOMEBUY (1).xlsx,sell my house winston salem,480.0,11,0.0,I,False
USHOMEBUY (1).xlsx,we buy houses st paul,480.0,11,0.0,I,False
USHOMEBUY (1).xlsx,providence commons charlotte,480.0,12,1.64,I,True
USHOMEBUY (1).xlsx,we buy houses newark nj,480.0,12,0.0,T,True
USHOMEBUY (1).xlsx,we buy houses pensacola,480.0,12,38.79,T,False
USHOMEBUY (1).xlsx,sell my house fast pensacola,480.0,13,0.0,C,False
USHOMEBUY (1).xlsx,sell my house galveston,480.0,13,0.0,C,False
USHOMEBUY (1).xlsx,sell my house myrtle beach,480.0,13,0.0,nan,False
USHOMEBUY (1).xlsx,we buy houses charleston,480.0,13,11.62,T,False
USHOMEBUY (3).xlsx,sell my house fast missouri,480.0,14,34.22,C,False
USHOMEBUY (3).xlsx,sell my house fast indiana,480.0,14,24.34,C,False
USHOMEBUY (1).xlsx,we buy houses greenville sc,480.0,14,29.54,T,False
USHOMEBUY (1).xlsx,does deed of trust show ownership,480.0,15,2.09,I,True
USHOMEBUY (1).xlsx,sell my house birmingham,480.0,15,0.0,I,False
USHOMEBUY (1).xlsx,we buy houses ann arbor,480.0,15,0.0,I,False
USHOMEBUY (1).xlsx,we buy houses chapel hill,480.0,15,0.0,T,False
USHOMEBUY (1).xlsx,we buy houses gulfport ms,480.0,15,0.0,T,False
USHOMEBUY (1).xlsx,what does under contract show mean,480.0,15,0.01,I,True
USHOMEBUY (1).xlsx,appraised value vs market value,480.0,16,1.06,C,True
USHOMEBUY (1).xlsx,how much does a pool add to home value,480.0,16,1.16,I,True
USHOMEBUY (1).xlsx,sell my house rochester,480.0,16,12.17,C,False
USHOMEBUY (1).xlsx,we buy houses charleston sc,480.0,16,11.62,T,False
USHOMEBUY (1).xlsx,we buy houses in atlanta,480.0,16,25.8,T,False
USHOMEBUY (3).xlsx,sell my house fast detroit,480.0,17,27.73,C,True
USHOMEBUY (3).xlsx,sell my house fast houston texas,480.0,17,23.42,C,False
USHOMEBUY (3).xlsx,sell my house fast louisville ky,480.0,17,26.58,C,False
USHOMEBUY (1).xlsx,condemned building,480.0,17,0.0,I,True
USHOMEBUY (1).xlsx,sell my house fast kansas,480.0,17,0.0,C,False
USHOMEBUY (1).xlsx,sell my house for cash atlanta,480.0,17,23.65,C,False
USHOMEBUY (1).xlsx,va home inspection checklist,480.0,17,0.43,I,True
USHOMEBUY (1).xlsx,we buy house reno,480.0,17,0.0,T,False
USHOMEBUY (1).xlsx,we buy houses naples,480.0,17,0.0,C,False
USHOMEBUY (1).xlsx,what type of fence adds to property value,480.0,17,0.0,I,True
USHOMEBUY (3).xlsx,sell my house fast san diego,480.0,18,53.8,C,False
USHOMEBUY (1).xlsx,how much does a new roof add to home value,480.0,18,6.04,I,True
USHOMEBUY (1).xlsx,sell my house tucson,480.0,18,0.0,C,False
USHOMEBUY (1).xlsx,we buy houses new haven ct,480.0,18,0.0,T,False
USHOMEBUY (1).xlsx,can i sell my house to avoid foreclosure,480.0,19,27.54,I,False
USHOMEBUY (1).xlsx,sell house private sale houston,480.0,19,0.0,I,True
USHOMEBUY (1).xlsx,sell house privately highland indiana,480.0,19,0.0,I,True
USHOMEBUY (1).xlsx,valentines at home ideas,480.0,19,0.0,I,True
USHOMEBUY (3).xlsx,sell my house fast dallas tx,480.0,20,11.47,C,False
USHOMEBUY (1).xlsx,condemned house meaning,480.0,20,0.0,I,True
USHOMEBUY (1).xlsx,highland park tx zip code,480.0,20,0.0,I,True
USHOMEBUY (1).xlsx,how much does new roof increase home value,480.0,20,6.61,I,True
USHOMEBUY (1).xlsx,we buy houses in dallas,480.0,20,14.56,T,False
USHOMEBUY (1).xlsx,we buy houses louisiana,480.0,20,20.14,T,False
USHOMEBUY (1).xlsx,we buy houses sierra vista az,480.0,20,0.0,C,False
USHOMEBUY (1).xlsx,sell my house myself,480.0,21,12.9,I,False
USHOMEBUY (3).xlsx,sell my house fast in houston,480.0,22,23.42,C,False
USHOMEBUY (1).xlsx,ballantyne zip code charlotte,480.0,22,0.0,C I,True
USHOMEBUY (1).xlsx,how to sell my house for cash,480.0,23,52.39,I,False
USHOMEBUY (1).xlsx,sell my house chattanooga,480.0,23,0.0,C,False
USHOMEBUY (1).xlsx,we buy homes richmond,480.0,23,0.0,T,True
USHOMEBUY (1).xlsx,we buy houses in kansas city,480.0,23,52.24,T,False
USHOMEBUY (1).xlsx,we buy houses spokane,480.0,23,26.07,I,False
USHOMEBUY (1).xlsx,what does it mean if a house is under contract,480.0,23,0.02,C,True
USHOMEBUY (1).xlsx,rent to own is it a good idea,480.0,24,0.42,I,True
USHOMEBUY (1).xlsx,we buy houses austin,480.0,24,33.19,T,False
USHOMEBUY (1).xlsx,we buy houses fort worth,480.0,24,28.92,T,False
USHOMEBUY (1).xlsx,what does a house under contract mean,480.0,24,0.02,C,True
USHOMEBUY (1).xlsx,appraisal vs market value,480.0,25,1.06,C,True
USHOMEBUY (1).xlsx,house under contract,480.0,25,0.38,I,True
USHOMEBUY (1).xlsx,ssundee real estate,480.0,25,5.92,I,True
USHOMEBUY (1).xlsx,we buy houses long island,480.0,25,21.67,T,False
USHOMEBUY (1).xlsx,we buy houses tampa,480.0,25,19.99,C,False
USHOMEBUY (1).xlsx,we buy houses washington,480.0,25,26.86,T,True
USHOMEBUY (2).xlsx,we buy houses maryland,480.0,26,43.25,T,True
USHOMEBUY (1).xlsx,we buy houses detroit,480.0,26,23.91,T,True
USHOMEBUY (1).xlsx,we buy houses st louis mo,480.0,26,23.92,T,False
USHOMEBUY (1).xlsx,what does active under contract mean in real estate,480.0,26,0.02,I,True
USHOMEBUY (1).xlsx,zip code for ballantyne north carolina,480.0,26,0.0,C I,True
USHOMEBUY (3).xlsx,sell my house fast jacksonville fl,480.0,27,14.25,C,False
USHOMEBUY (1).xlsx,we buy houses huntsville al,480.0,27,22.04,T,False
USHOMEBUY (3).xlsx,sell my house fast columbus,480.0,28,28.1,C,False
USHOMEBUY (1).xlsx,zillow new philadelphia ohio,480.0,28,0.02,N T,True
USHOMEBUY (1).xlsx,sell my house houston,480.0,29,34.97,C,False
USHOMEBUY (1).xlsx,we buy houses california,480.0,29,29.73,T,False
USHOMEBUY (1).xlsx,we buy houses nj,480.0,29,27.27,T,False
USHOMEBUY (1).xlsx,sell my house burlington,390.0,0,1.69,C I,False
USHOMEBUY (1).xlsx,sell my house essex,390.0,0,0.0,C I,False
USHOMEBUY (1).xlsx,sell my house santa rosa,390.0,0,0.0,C I,False
USHOMEBUY (1).xlsx,we buy houses derby,390.0,0,0.0,I,True
USHOMEBUY (1).xlsx,we buy houses newcastle,390.0,0,0.0,T,False
USHOMEBUY (2).xlsx,va assumable loan homes for sale,390.0,1,3.27,I,True
USHOMEBUY (1).xlsx,we buy houses oakland,390.0,4,31.46,I,False
USHOMEBUY (2).xlsx,sell my house fast virginia beach,390.0,5,14.67,C,True
USHOMEBUY (1).xlsx,poisonous spiders in tennessee,390.0,5,0.55,I,True
USHOMEBUY (1).xlsx,sell my house santa barbara,390.0,5,0.0,I,False
USHOMEBUY (1).xlsx,we buy houses portland,390.0,5,42.8,I,False
USHOMEBUY (1).xlsx,sell my house charlottesville,390.0,6,0.0,C,False
USHOMEBUY (1).xlsx,sell my house fast ocala,390.0,6,34.13,C I,False
USHOMEBUY (2).xlsx,sell my house fast richmond va,390.0,7,30.67,C,True
USHOMEBUY (1).xlsx,spider tn,390.0,7,0.79,I,True
USHOMEBUY (1).xlsx,we buy houses oakland ca,390.0,7,34.65,T,False
USHOMEBUY (1).xlsx,we buy houses princeton,390.0,7,0.0,I,False
USHOMEBUY (1).xlsx,condemned housing meaning,390.0,8,0.0,I,True
USHOMEBUY (1).xlsx,sell my house for cash lakewood,390.0,8,0.0,C,False
USHOMEBUY (1).xlsx,sureboard founders and management,390.0,8,0.0,I,True
USHOMEBUY (1).xlsx,sell my house fast riverside,390.0,9,12.96,C,True
USHOMEBUY (3).xlsx,sell my house fast omaha,390.0,10,27.72,C,False
USHOMEBUY (1).xlsx,we buy houses bronx,390.0,10,0.0,I,False
USHOMEBUY (1).xlsx,keywords for good real estate deals,390.0,11,0.0,I,True
USHOMEBUY (1).xlsx,self guided home tours,390.0,11,3.63,I,True
USHOMEBUY (1).xlsx,we buy houses cambridge,390.0,11,0.0,I,False
USHOMEBUY (1).xlsx,we buy houses scranton pa,390.0,11,0.0,T,False
USHOMEBUY (1).xlsx,is it a good time to sell my house,390.0,12,11.32,I,False
USHOMEBUY (1).xlsx,providence plantation homes for sale,390.0,12,0.15,T,True
USHOMEBUY (1).xlsx,we buy houses kalamazoo mi,390.0,12,0.0,T,False
USHOMEBUY (1).xlsx,we buy houses auburn al,390.0,13,0.0,T,False
USHOMEBUY (1).xlsx,we buy houses odessa,390.0,13,0.0,T,True
USHOMEBUY (1).xlsx,we buy houses seattle wa,390.0,13,11.47,T,False
USHOMEBUY (1).xlsx,lakeside on preston,390.0,14,0.49,I,True
USHOMEBUY (1).xlsx,sell my home fast miami dade county,390.0,14,0.0,C,True
USHOMEBUY (1).xlsx,sell my house fast sarasota,390.0,14,14.66,C,False
USHOMEBUY (1).xlsx,va home loan inspection checklist,390.0,14,0.43,I,True
USHOMEBUY (2).xlsx,sell my house fast maryland,390.0,15,23.86,C,True
USHOMEBUY (1).xlsx,can i sell my house and rent it back,390.0,15,10.87,I,False
USHOMEBUY (1).xlsx,houses for sale brownsville pennsylvania,390.0,15,0.07,T,True
USHOMEBUY (1).xlsx,los feliz los angeles ca zip code,390.0,15,0.0,I,True
USHOMEBUY (1).xlsx,real estate developers portfolio move-in ready properties,390.0,15,0.0,I,True
USHOMEBUY (1).xlsx,what paperwork do i need to sell my house myself,390.0,15,4.01,C I,False
USHOMEBUY (1).xlsx,we buy houses brooklyn ny,390.0,16,0.0,C,False
USHOMEBUY (1).xlsx,we buy houses in california,390.0,16,29.73,C,False
USHOMEBUY (1).xlsx,we buy houses myrtle beach,390.0,16,19.37,C,False
USHOMEBUY (1).xlsx,charlotte zip codes ballantyne,390.0,17,0.0,I,True
USHOMEBUY (1).xlsx,nrh zip code,390.0,17,0.0,I,True
USHOMEBUY (1).xlsx,sell my house fast corpus christi,390.0,17,0.0,C,False
USHOMEBUY (1).xlsx,sell my house green bay,390.0,17,0.0,I,False
USHOMEBUY (1).xlsx,we buy houses jonesboro ar,390.0,17,0.0,T,False
USHOMEBUY (1).xlsx,cash home buyers ogden utah,390.0,18,0.0,C,True
USHOMEBUY (1).xlsx,houses for sale in ponder,390.0,18,0.44,T,True
USHOMEBUY (1).xlsx,squatters rights in pennsylvania,390.0,18,0.41,I,True
USHOMEBUY (1).xlsx,we buy houses virginia beach,390.0,18,21.56,T,True
USHOMEBUY (1).xlsx,squatters rights pennsylvania,390.0,19,0.0,I,True
USHOMEBUY (1).xlsx,va loan inspection criteria,390.0,19,0.94,I,True
USHOMEBUY (1).xlsx,we buy houses salt lake city ut,390.0,19,78.98,T,False
USHOMEBUY (1).xlsx,we buy houses utah,390.0,19,0.0,T,False
USHOMEBUY (3).xlsx,sell my house fast tennessee,390.0,20,20.24,C,False
USHOMEBUY (3).xlsx,sell my house fast north carolina,390.0,20,37.1,C,False
USHOMEBUY (1).xlsx,hyde park real estate,390.0,20,0.22,C,True
USHOMEBUY (1).xlsx,va loan home inspection,390.0,20,3.97,I,True
USHOMEBUY (1).xlsx,we buy houses durham,390.0,20,20.67,T,False
USHOMEBUY (1).xlsx,we buy houses st george ut,390.0,20,0.0,C,False
USHOMEBUY (1).xlsx,zip code for los feliz ca,390.0,20,0.0,I,True
USHOMEBUY (1).xlsx,can i look at a house without pre approval,390.0,21,0.0,I,True
USHOMEBUY (1).xlsx,how often do real estate deals fall through,390.0,21,0.0,I,True
USHOMEBUY (1).xlsx,lennar homes valencia,390.0,21,0.75,N,True
USHOMEBUY (1).xlsx,sell my house st louis,390.0,21,0.0,C,False
USHOMEBUY (1).xlsx,we buy houses albany park chicago,390.0,21,0.0,T,False
USHOMEBUY (1).xlsx,we buy houses arlington,390.0,21,28.35,T,True
USHOMEBUY (3).xlsx,sell my house fast long island,390.0,22,12.57,C,False
USHOMEBUY (1).xlsx,sell my house cash fast,390.0,22,39.26,I,False
USHOMEBUY (1).xlsx,sell my house kansas city,390.0,22,33.55,C,False
USHOMEBUY (1).xlsx,sell my house quickly utah,390.0,22,0.0,I,False
USHOMEBUY (2).xlsx,we buy houses in maryland,390.0,23,30.01,T,True
USHOMEBUY (3).xlsx,sell my house fast charlotte nc,390.0,23,9.4,C,False
USHOMEBUY (1).xlsx,capitol hill zip code,390.0,23,0.0,I,True
USHOMEBUY (1).xlsx,does swimming pool add value to home,390.0,23,0.15,I,True
USHOMEBUY (1).xlsx,houses for sale in delphos ohio,390.0,23,0.23,T,True
USHOMEBUY (1).xlsx,porte.com founded,390.0,23,0.0,I,True
USHOMEBUY (1).xlsx,we buy houses charlotte,390.0,23,21.89,T,False
USHOMEBUY (1).xlsx,we buy houses mobile al,390.0,23,22.49,T,False
USHOMEBUY (3).xlsx,sell my house fast dallas texas,390.0,24,11.47,C,False
USHOMEBUY (1).xlsx,condemned houses,390.0,24,7.24,I,True
USHOMEBUY (1).xlsx,tcu fort worth zip code,390.0,24,0.0,N,True
USHOMEBUY (1).xlsx,capitol hill seattle zip code,390.0,25,0.0,I,True
USHOMEBUY (1).xlsx,encroachments definition,390.0,25,0.04,I,True
USHOMEBUY (1).xlsx,sell my house columbus ohio,390.0,25,19.92,C,False
USHOMEBUY (1).xlsx,we buy houses new orleans la,390.0,25,11.01,C,False
USHOMEBUY (2).xlsx,va loan for a foreclosure,390.0,26,5.14,I C,True
USHOMEBUY (3).xlsx,sell my house fast michigan,390.0,26,31.11,C,False
USHOMEBUY (3).xlsx,sell my house fast memphis,390.0,26,12.07,C,False
USHOMEBUY (1).xlsx,home improvements that increase value,390.0,26,1.14,I,True
USHOMEBUY (1).xlsx,how to make side money from home,390.0,26,2.6,I,True
USHOMEBUY (1).xlsx,we buy houses fast charlotte,390.0,26,0.0,T,False
USHOMEBUY (1).xlsx,we buy houses wrightwood chicago,390.0,26,0.0,T,False
USHOMEBUY (1).xlsx,we buy houses missouri,390.0,27,39.78,T,False
USHOMEBUY (1).xlsx,we buy houses san francisco,390.0,27,0.0,T,False
USHOMEBUY (1).xlsx,home improvements that add value,390.0,28,1.14,I,True
USHOMEBUY (1).xlsx,how much does finished basement add to appraised value,390.0,28,0.0,I,True
USHOMEBUY (1).xlsx,we buy houses arkansas,390.0,28,27.26,T,False
USHOMEBUY (3).xlsx,sell my house fast memphis tn,390.0,29,18.3,C,False
USHOMEBUY (1).xlsx,advantages of homeownership,390.0,29,4.86,I,True
USHOMEBUY (1).xlsx,downtown charlotte nc zip code,390.0,29,0.0,C I,True
USHOMEBUY (1).xlsx,highland park dallas zip code,390.0,29,0.0,I,True
USHOMEBUY (1).xlsx,how much value does a pool add to a house,390.0,29,0.42,I,True
USHOMEBUY (1).xlsx,sell my house columbus,390.0,29,19.92,C,False
USHOMEBUY (1).xlsx,we buy houses indianapolis,390.0,29,29.12,T,False
USHOMEBUY (1).xlsx,we buy houses new mexico,390.0,29,12.85,T,False
USHOMEBUY (1).xlsx,frontierdoor.com leadership our team,320.0,0,0.0,I,True
USHOMEBUY (1).xlsx,selling a house in a trust after death,320.0,0,4.26,I,True
USHOMEBUY (1).xlsx,we buy houses shorewood,320.0,0,0.0,I,False
USHOMEBUY (3).xlsx,sell my house fast ocean county nj,320.0,3,0.0,C,False
USHOMEBUY (1).xlsx,sell my house fast canton,320.0,3,0.0,I,False
USHOMEBUY (1).xlsx,sell my house fast fishkill ny,320.0,4,0.0,I,False
USHOMEBUY (1).xlsx,sell my house fast harrisburg pa,320.0,4,0.0,C I,False
USHOMEBUY (1).xlsx,we buy houses galveston,320.0,4,27.28,I,False
USHOMEBUY (1).xlsx,sell my house fast irving,320.0,5,4.52,C,False
USHOMEBUY (1).xlsx,sell my house fast stockton,320.0,5,15.26,C,False
USHOMEBUY (1).xlsx,tn spiders,320.0,5,0.49,I,True
USHOMEBUY (1).xlsx,sell my house athens,320.0,6,0.0,C,False
USHOMEBUY (1).xlsx,sell my house fast san bernardino,320.0,6,28.58,C,False
USHOMEBUY (1).xlsx,disadvantages of seller paying closing costs,320.0,7,5.66,I,True
USHOMEBUY (1).xlsx,sell my house ann arbor,320.0,7,0.0,C,False
USHOMEBUY (1).xlsx,sell my house palm beach,320.0,7,0.0,C,False
USHOMEBUY (1).xlsx,we buy houses norfolk,320.0,7,9.02,T,True
USHOMEBUY (3).xlsx,sell my house fast ohio,320.0,8,26.02,C,False
USHOMEBUY (1).xlsx,sell my house tacoma,320.0,8,0.0,I,False
USHOMEBUY (1).xlsx,under contract meaning real estate,320.0,9,0.03,C,True
USHOMEBUY (1).xlsx,we buy houses spring hill,320.0,9,0.0,I,False
USHOMEBUY (1).xlsx,what is the difference between pending and under contract,320.0,9,0.06,C I,True
USHOMEBUY (1).xlsx,zip code for benbrook tx,320.0,9,0.0,I,True
USHOMEBUY (1).xlsx,we buy houses fayette county,320.0,10,22.25,N T,False
USHOMEBUY (1).xlsx,we buy houses waco,320.0,10,14.94,T,False
USHOMEBUY (1).xlsx,we buy ugly houses kansas city,320.0,10,40.58,I,False
USHOMEBUY (1).xlsx,can i sell my house before foreclosure,320.0,11,34.53,I,False
USHOMEBUY (1).xlsx,sell my house memphis,320.0,11,28.86,C,False
USHOMEBUY (2).xlsx,foreclosures richmond va,320.0,12,0.41,C,True
USHOMEBUY (3).xlsx,cash home buyers in baltimore,320.0,12,19.67,C,True
USHOMEBUY (3).xlsx,sell my house fast seattle wa,320.0,12,0.0,C,False
USHOMEBUY (1).xlsx,appraisal value vs market value,320.0,12,1.91,C,True
USHOMEBUY (1).xlsx,batvai meaning,320.0,12,0.0,I,True
USHOMEBUY (1).xlsx,how long does a va appraisal take,320.0,12,0.0,I,True
USHOMEBUY (1).xlsx,we buy houses aurora,320.0,12,14.5,I,False
USHOMEBUY (1).xlsx,we buy houses clinton,320.0,12,0.0,T,False
USHOMEBUY (1).xlsx,we buy houses olympia,320.0,12,0.0,I,False
USHOMEBUY (2).xlsx,how to sell my house in virginia,320.0,13,0.0,I,True
USHOMEBUY (1).xlsx,how much value does a pool add,320.0,13,0.45,I,True
USHOMEBUY (1).xlsx,sell my house fast mesa,320.0,13,16.15,C,False
USHOMEBUY (3).xlsx,sell my house fast wisconsin,320.0,14,21.14,C,False
USHOMEBUY (1).xlsx,can i sell my house while in foreclosure,320.0,14,27.64,C,False
USHOMEBUY (1).xlsx,residential mobility trends february 2026 news,320.0,14,0.0,I,True
USHOMEBUY (1).xlsx,we buy houses boulder,320.0,14,0.0,N T,True
USHOMEBUY (1).xlsx,we buy houses in kentucky,320.0,14,26.35,T,False
USHOMEBUY (1).xlsx,what's the difference between pending and under contract,320.0,14,0.05,C I,True
USHOMEBUY (1).xlsx,zip code for north richland hills,320.0,14,0.0,I,True
USHOMEBUY (1).xlsx,zip code for north richland hills texas,320.0,14,0.0,I,True
USHOMEBUY (1).xlsx,zip code north richland hills texas,320.0,14,0.0,I,True
USHOMEBUY (1).xlsx,we buy houses fast charleston,320.0,15,0.0,T,False
USHOMEBUY (1).xlsx,we buy houses fort lauderdale,320.0,15,0.0,T,True
USHOMEBUY (1).xlsx,we buy houses kennewick wa,320.0,15,0.0,T,False
USHOMEBUY (1).xlsx,we buy houses st petersburg,320.0,15,12.86,T,False
USHOMEBUY (1).xlsx,what does it mean when a house is condemned,320.0,15,0.0,I,True
USHOMEBUY (3).xlsx,sell my house fast in florida,320.0,16,22.43,C,False
USHOMEBUY (1).xlsx,we buy houses burbank,320.0,16,0.0,I,False
USHOMEBUY (1).xlsx,zip code for north richland hills tx,320.0,16,0.0,I,True
USHOMEBUY (3).xlsx,sell my house fast fort worth tx,320.0,17,15.51,C,False
USHOMEBUY (1).xlsx,north richland hills zipcode,320.0,17,0.0,I,True
USHOMEBUY (1).xlsx,sell my house fast knoxville,320.0,17,22.54,C,False
USHOMEBUY (1).xlsx,sell my house milwaukee,320.0,17,0.0,C,False
USHOMEBUY (1).xlsx,silver lake ca zip code,320.0,17,0.0,I,True
USHOMEBUY (1).xlsx,studio city san fernando valley,320.0,17,0.93,I,True
USHOMEBUY (3).xlsx,sell my house fast in columbus ohio,320.0,18,32.95,C,False
USHOMEBUY (3).xlsx,sell my house fast los angeles ca,320.0,18,0.0,C,False
USHOMEBUY (1).xlsx,homes for sale in wadesboro nc,320.0,18,0.2,T,True
USHOMEBUY (1).xlsx,what is a deed trust,320.0,18,0.54,I,True
USHOMEBUY (1).xlsx,zip code seattle capitol hill,320.0,18,0.0,C I,True
USHOMEBUY (3).xlsx,sell my house fast south carolina,320.0,19,66.82,C,False
USHOMEBUY (3).xlsx,sell my house fast sacramento ca,320.0,19,10.37,C,False
USHOMEBUY (1).xlsx,downtown raleigh zip code,320.0,19,0.0,I,True
USHOMEBUY (1).xlsx,va loan house inspection,320.0,19,3.24,I,True
USHOMEBUY (1).xlsx,va loan inspection,320.0,19,2.3,I,True
USHOMEBUY (1).xlsx,we buy houses boca raton,320.0,19,0.0,T,False
USHOMEBUY (2).xlsx,va approved homes for sale,320.0,20,8.31,T,True
USHOMEBUY (3).xlsx,sell my house fast arkansas,320.0,20,34.8,C,False
USHOMEBUY (1).xlsx,can i sell my house without realtor,320.0,20,11.72,I,False
USHOMEBUY (1).xlsx,pennsylvania squatters rights,320.0,20,0.19,I,True
USHOMEBUY (1).xlsx,providence crossing nc,320.0,20,2.23,I,True
USHOMEBUY (1).xlsx,sell my house charlotte,320.0,20,21.87,I,False
USHOMEBUY (2).xlsx,we buy houses baltimore md,320.0,21,26.5,T,True
USHOMEBUY (1).xlsx,downtown charlotte zip code,320.0,21,0.0,I,True
USHOMEBUY (1).xlsx,listing description,320.0,21,3.19,I,True
USHOMEBUY (1).xlsx,uptown dallas zip code,320.0,21,0.0,I,True
USHOMEBUY (1).xlsx,we buy houses atlanta ga,320.0,21,25.48,T,False
USHOMEBUY (1).xlsx,we buy houses portland oregon,320.0,21,42.8,I,False
USHOMEBUY (1).xlsx,what does house under contract mean,320.0,21,0.02,C,True
USHOMEBUY (1).xlsx,houses for sale in princess anne md,320.0,22,0.2,T,True
USHOMEBUY (1).xlsx,houses for sale in wellsburg west virginia,320.0,22,0.21,T,True
USHOMEBUY (1).xlsx,how much does a finished basement add to home value,320.0,22,6.53,I,True
USHOMEBUY (1).xlsx,most desirable neighborhoods in chicago,320.0,22,0.24,C I,True
USHOMEBUY (1).xlsx,ofallon il zip code,320.0,22,0.0,I,True
USHOMEBUY (1).xlsx,sell my house by owner,320.0,22,23.27,C I,False
USHOMEBUY (3).xlsx,sell my house fast portland oregon,320.0,23,10.97,C,False
USHOMEBUY (3).xlsx,sell my house fast wilmington nc,320.0,23,0.0,C,True
USHOMEBUY (3).xlsx,sell my house fast seattle,320.0,23,10.05,C,False
USHOMEBUY (1).xlsx,sell my house fast kansas city mo,320.0,23,97.22,C,False
USHOMEBUY (1).xlsx,silver lake los angeles zip code,320.0,23,0.0,I,True
USHOMEBUY (1).xlsx,va loan house inspection requirements,320.0,23,0.82,I,True
USHOMEBUY (1).xlsx,we buy houses alabama,320.0,23,28.32,T,False
USHOMEBUY (1).xlsx,we buy houses dc,320.0,23,27.78,T,True
USHOMEBUY (1).xlsx,we buy houses omaha,320.0,23,31.01,T,False
USHOMEBUY (1).xlsx,condemn house meaning,320.0,24,0.0,I,True
USHOMEBUY (1).xlsx,contingent vs pending vs under contract,320.0,24,0.04,C I,True
USHOMEBUY (1).xlsx,sell my house atlanta,320.0,24,19.62,I,False
USHOMEBUY (1).xlsx,we buy houses chattanooga,320.0,24,28.97,T,False
USHOMEBUY (1).xlsx,what does active under contract mean real estate,320.0,24,0.0,I,True
USHOMEBUY (3).xlsx,sell my house fast in san antonio,320.0,25,21.48,C,False
USHOMEBUY (1).xlsx,sell my house fast colorado springs,320.0,25,35.63,C,False
USHOMEBUY (1).xlsx,we buy houses kansas,320.0,25,34.32,T,False
USHOMEBUY (1).xlsx,we buy houses rochester ny,320.0,25,14.93,C,False
USHOMEBUY (3).xlsx,sell my house fast pennsylvania,320.0,26,29.49,C,True
USHOMEBUY (1).xlsx,we buy houses in jacksonville,320.0,26,0.0,T,False
USHOMEBUY (1).xlsx,we buy houses jacksonville fl,320.0,26,26.56,T,False
USHOMEBUY (1).xlsx,we buy houses los angeles ca,320.0,26,49.62,C,False
USHOMEBUY (1).xlsx,we buy houses oklahoma city,320.0,26,36.29,T,False
USHOMEBUY (3).xlsx,sell my house for cash houston,320.0,27,34.42,C,False
USHOMEBUY (1).xlsx,eastover dental charlotte,320.0,27,3.69,N,True
USHOMEBUY (1).xlsx,house design categories,320.0,27,0.18,I,True
USHOMEBUY (1).xlsx,how to find fair market value,320.0,27,1.89,I,True
USHOMEBUY (3).xlsx,sell my house fast columbus oh,320.0,28,28.1,C,False
USHOMEBUY (1).xlsx,impact of home renovation on stainless steel demand,320.0,28,0.0,I,True
USHOMEBUY (1).xlsx,sell my house fast austin tx,320.0,28,12.3,C,False
USHOMEBUY (1).xlsx,the heights arlington,320.0,28,1.7,N,True
USHOMEBUY (1).xlsx,we buy houses dallas tx,320.0,28,27.9,nan,False
USHOMEBUY (1).xlsx,sell my house in houston,320.0,29,58.61,I,False
USHOMEBUY (1).xlsx,we buy houses seattle,320.0,29,8.01,T,False
USHOMEBUY (3).xlsx,sell my house fast carmichael,260.0,0,29.15,C,False
USHOMEBUY (1).xlsx,arcadia az zip code,260.0,0,0.0,C I,True
USHOMEBUY (1).xlsx,sell my house fast florin,260.0,0,24.31,C,False
USHOMEBUY (1).xlsx,we buy houses brookfield,260.0,0,0.0,I,False
USHOMEBUY (1).xlsx,we buy houses san bernardino,260.0,0,25.13,C,False
USHOMEBUY (1).xlsx,sell my house fast auburn,260.0,1,0.0,I,False
USHOMEBUY (1).xlsx,sell my house kent,260.0,1,0.0,C,False
USHOMEBUY (1).xlsx,sell my house portsmouth,260.0,1,0.0,I,False
USHOMEBUY (1).xlsx,we buy houses west allis,260.0,1,0.0,T,False
USHOMEBUY (1).xlsx,common spiders in tennessee,260.0,2,0.4,I,True
USHOMEBUY (1).xlsx,sell my house durham,260.0,2,0.0,I,False
USHOMEBUY (1).xlsx,sell my house fast marysville,260.0,2,7.14,C,False
USHOMEBUY (1).xlsx,sell my house fast purcellville virginia,260.0,2,0.0,I,True
USHOMEBUY (1).xlsx,sell my house fast chesapeake,260.0,3,0.0,C,False
USHOMEBUY (1).xlsx,sell my house fast clarksville,260.0,3,0.0,C,False
USHOMEBUY (1).xlsx,selling a house in an irrevocable trust before death,260.0,3,8.26,I,True
USHOMEBUY (2).xlsx,sell my house fast virginia,260.0,4,19.82,C,True
USHOMEBUY (3).xlsx,sell my house fast clearwater,260.0,4,0.0,C,False
USHOMEBUY (1).xlsx,brown spiders in tennessee,260.0,4,0.45,I,True
USHOMEBUY (1).xlsx,can i sell my deceased parents house without probate,260.0,4,10.32,I,True
USHOMEBUY (1).xlsx,sell my house fast hampton roads,260.0,4,0.0,C,False
USHOMEBUY (1).xlsx,we buy houses clarksville,260.0,4,33.08,T,False
USHOMEBUY (1).xlsx,dangerous spiders tennessee,260.0,5,0.0,I,True
USHOMEBUY (1).xlsx,sell my house fast aurora,260.0,5,0.0,C I,False
USHOMEBUY (1).xlsx,sell my house san bernardino,260.0,5,0.0,C,False
USHOMEBUY (1).xlsx,we buy houses kingston,260.0,5,0.0,I,False
USHOMEBUY (1).xlsx,we buy houses mesquite,260.0,5,0.0,T,False
USHOMEBUY (1).xlsx,sell my house fast poughkeepsie ny,260.0,6,0.0,C,False
USHOMEBUY (1).xlsx,sell my house fast anaheim,260.0,7,0.0,C,False
USHOMEBUY (1).xlsx,tennessee spider,260.0,7,0.49,I,True
USHOMEBUY (1).xlsx,we buy houses wauwatosa,260.0,7,39.78,I,False
USHOMEBUY (1).xlsx,sell my house fast ann arbor,260.0,8,0.0,C,False
USHOMEBUY (1).xlsx,sell my house fast wauwatosa,260.0,8,0.0,I,False
USHOMEBUY (1).xlsx,we buy houses columbia mo,260.0,8,22.07,T,False
USHOMEBUY (3).xlsx,sell my house fast portland,260.0,9,10.97,C,False
USHOMEBUY (3).xlsx,sell my house fast oklahoma city,260.0,9,22.57,C,False
USHOMEBUY (1).xlsx,510 ryan road anderson sc recent sales data,260.0,9,0.0,T,True
USHOMEBUY (1).xlsx,custom home builders prices,260.0,9,1.72,I,True
USHOMEBUY (1).xlsx,sell my house fast orange county,260.0,9,19.43,C,False
USHOMEBUY (1).xlsx,sell my house fast rochester,260.0,9,0.0,C,False
USHOMEBUY (1).xlsx,sell my house fast york pa,260.0,9,0.0,C,False
USHOMEBUY (1).xlsx,we buy houses brentwood,260.0,9,0.0,I,False
USHOMEBUY (1).xlsx,we buy houses flagstaff az,260.0,9,0.0,T,False
USHOMEBUY (1).xlsx,we buy houses in fort worth,260.0,9,28.92,T,False
USHOMEBUY (2).xlsx,foreclosures virginia beach,260.0,10,0.49,C,True
USHOMEBUY (1).xlsx,dilworth zip code,260.0,10,0.0,I,True
USHOMEBUY (1).xlsx,how to sell my house georgia,260.0,10,0.0,I,False
USHOMEBUY (1).xlsx,sell my house fast killeen tx,260.0,10,170.73,C,False
USHOMEBUY (1).xlsx,we buy houses chesapeake,260.0,10,0.0,C,False
USHOMEBUY (1).xlsx,we buy houses lexington ky,260.0,10,14.55,C,False
USHOMEBUY (1).xlsx,we buy houses monterey,260.0,10,0.32,C I,False
USHOMEBUY (1).xlsx,we buy houses waco tx,260.0,10,16.03,T,False
MissingUSHOMEBUY.xlsx,sell my house fort worth,260.0,11,111.29,C,False
USHOMEBUY (1).xlsx,moving binder,260.0,11,0.0,I,True
USHOMEBUY (1).xlsx,va loan inspection checklist,260.0,11,0.43,I,True
USHOMEBUY (1).xlsx,we buy houses greenville,260.0,11,0.0,nan,False
USHOMEBUY (1).xlsx,we buy houses harrisburg pa,260.0,11,0.0,T,False
USHOMEBUY (1).xlsx,we buy houses milwaukee wi,260.0,11,14.3,T,False
USHOMEBUY (2).xlsx,closing costs in maryland,260.0,12,2.52,I,True
USHOMEBUY (1).xlsx,27601 zip code,260.0,12,0.0,C,True
USHOMEBUY (1).xlsx,76180 zip code,260.0,12,0.0,I,True
USHOMEBUY (1).xlsx,devery cash,260.0,12,7.0,I,True
USHOMEBUY (1).xlsx,how long does va appraisal take,260.0,12,0.0,I,True
USHOMEBUY (1).xlsx,reporting a house that should be condemned,260.0,12,0.0,I,True
USHOMEBUY (1).xlsx,sell my house fast lancaster pa,260.0,12,0.0,C,False
USHOMEBUY (1).xlsx,we buy houses signs,260.0,12,4.04,C,False
USHOMEBUY (1).xlsx,we buy houses south bend,260.0,12,25.39,T,False
USHOMEBUY (1).xlsx,zip code 76180,260.0,12,0.0,I,True
USHOMEBUY (3).xlsx,sell my house fast atlanta ga,260.0,13,18.55,C,False
USHOMEBUY (1).xlsx,19 hopkins avenue new jersey traded listing,260.0,13,0.0,I,True
USHOMEBUY (1).xlsx,can i sell my house with a tax lien,260.0,13,12.06,I,False
USHOMEBUY (1).xlsx,is down payment included in closing costs,260.0,13,3.25,I,True
USHOMEBUY (1).xlsx,sell my house asheville,260.0,13,0.0,C,False
USHOMEBUY (1).xlsx,under contract show,260.0,13,0.0,I,True
USHOMEBUY (1).xlsx,we buy homes los angeles,260.0,13,49.62,C,False
USHOMEBUY (1).xlsx,we buy houses plano,260.0,13,0.0,T,False
USHOMEBUY (3).xlsx,we buy houses cash los angeles,260.0,14,32.4,C,False
USHOMEBUY (3).xlsx,sell my house fast knoxville tn,260.0,14,17.46,C,False
USHOMEBUY (1).xlsx,seattle capitol hill zip code,260.0,14,0.0,I,True
USHOMEBUY (1).xlsx,sell my house fast in california,260.0,14,34.78,I,False
USHOMEBUY (1).xlsx,we buy houses charlotte nc,260.0,14,25.04,C,False
USHOMEBUY (1).xlsx,whats the difference between pending and under contract,260.0,14,0.06,C I,True
USHOMEBUY (3).xlsx,sell my house fast southern california,260.0,15,0.0,C,False
USHOMEBUY (3).xlsx,sell my house fast kentucky,260.0,15,0.0,C,False
USHOMEBUY (1).xlsx,85086 zip code,260.0,15,0.0,I,True
USHOMEBUY (1).xlsx,bathroom remodeling mills college,260.0,15,0.0,C,True
USHOMEBUY (1).xlsx,what does it mean under contract,260.0,15,0.02,C,True
USHOMEBUY (2).xlsx,auction properties for sale in west virginia for sale,260.0,16,0.0,T,True
USHOMEBUY (3).xlsx,sell my house fast charlotte,260.0,16,15.0,C,False
USHOMEBUY (1).xlsx,at home valentine's day ideas,260.0,16,0.0,I,True
USHOMEBUY (1).xlsx,sell my house fast milwaukee wi,260.0,16,0.0,C,False
USHOMEBUY (1).xlsx,what does it mean to condemn a house,260.0,16,0.0,I,True
USHOMEBUY (1).xlsx,can i sell my house in foreclosure,260.0,17,26.03,I,False
USHOMEBUY (1).xlsx,how much does a finished basement add value,260.0,17,2.56,I,True
USHOMEBUY (1).xlsx,net proceeds definition,260.0,17,0.0,I,True
USHOMEBUY (1).xlsx,sell my house fast rochester ny,260.0,17,0.0,C,False
USHOMEBUY (1).xlsx,we buy houses sarasota,260.0,17,21.98,T,False
USHOMEBUY (1).xlsx,zip code silver lake ca,260.0,17,0.0,I,True
USHOMEBUY (1).xlsx,does pool add value to home,260.0,18,0.62,I,True
USHOMEBUY (1).xlsx,full service moving guide,260.0,18,0.0,I,True
USHOMEBUY (1).xlsx,logical steps to selling your house in washington state,260.0,18,0.0,I,True
USHOMEBUY (1).xlsx,sell my house fast tucson,260.0,18,18.64,C,False
USHOMEBUY (1).xlsx,we buy houses harrisburg,260.0,18,17.76,T,False
USHOMEBUY (1).xlsx,we buy houses montgomery al,260.0,18,21.43,T,False
USHOMEBUY (1).xlsx,we buy houses springfield mo,260.0,18,25.07,C,False
USHOMEBUY (1).xlsx,will a new roof increase home value,260.0,18,6.7,I,True
USHOMEBUY (2).xlsx,can you buy a foreclosed home with a va loan,260.0,19,5.37,I,True
USHOMEBUY (3).xlsx,sell my house fast cincinnati,260.0,19,42.36,C,False
USHOMEBUY (1).xlsx,buying a house under an llc,260.0,19,1.58,I,True
USHOMEBUY (1).xlsx,if a house is under contract what does that mean,260.0,19,0.0,C,True
USHOMEBUY (1).xlsx,sell my house san diego,260.0,19,43.32,C,False
USHOMEBUY (1).xlsx,squatters rights 30 days pennsylvania,260.0,19,0.0,I,True
USHOMEBUY (1).xlsx,va home loan inspection,260.0,19,2.3,I,True
USHOMEBUY (1).xlsx,va loans and inspections,260.0,19,2.3,I,True
USHOMEBUY (1).xlsx,we buy houses stockton,260.0,19,29.56,T,False
USHOMEBUY (1).xlsx,we buy houses whitefish bay,260.0,19,0.0,T,False
USHOMEBUY (2).xlsx,virginia foreclosure,260.0,20,0.28,C,True
USHOMEBUY (1).xlsx,average cost to paint outside of house,260.0,20,4.63,I,True
USHOMEBUY (1).xlsx,define assessed value,260.0,20,0.15,I,True
USHOMEBUY (1).xlsx,investors that buy houses in purcellville virginia,260.0,20,0.0,T,True
USHOMEBUY (1).xlsx,rent to own washington court house ohio,260.0,20,2.3,I,True
USHOMEBUY (1).xlsx,romantic anniversary ideas at home,260.0,20,0.14,I,True
USHOMEBUY (1).xlsx,can i sell my house without a real estate agent,260.0,21,11.72,C I,False
USHOMEBUY (1).xlsx,downtown raleigh nc zip code,260.0,21,0.0,I,True
USHOMEBUY (1).xlsx,how often do houses under contract fall through,260.0,21,0.0,I,True
USHOMEBUY (1).xlsx,sell my house baltimore,260.0,21,36.35,C,True
USHOMEBUY (1).xlsx,we buy houses in orlando,260.0,21,45.39,T,False
USHOMEBUY (1).xlsx,we buy houses lubbock,260.0,21,19.12,T,False
USHOMEBUY (2).xlsx,closing costs virginia,260.0,22,2.46,I,True
USHOMEBUY (3).xlsx,sell my house fast new york,260.0,22,6.97,C,False
USHOMEBUY (1).xlsx,in real estate what does active under contract mean,260.0,22,0.0,I,True
USHOMEBUY (1).xlsx,increase home value,260.0,22,2.08,I,True
USHOMEBUY (1).xlsx,sell my house fast for market value,260.0,22,25.78,I,True
USHOMEBUY (1).xlsx,we buy houses in austin,260.0,22,38.07,T,False
USHOMEBUY (3).xlsx,sell my house fast san antonio texas,260.0,23,24.48,C,False
USHOMEBUY (1).xlsx,south end zip code,260.0,23,0.0,I,True
USHOMEBUY (1).xlsx,we buy houses complaints,260.0,23,9.84,I,False
USHOMEBUY (1).xlsx,we buy houses jackson ms,260.0,23,9.61,C,False
USHOMEBUY (1).xlsx,zip code for tcu,260.0,23,0.0,I,True
USHOMEBUY (3).xlsx,sell my house fast utah,260.0,24,65.62,C,False
USHOMEBUY (3).xlsx,sell my house fast nashville tn,260.0,24,23.57,C,False
USHOMEBUY (1).xlsx,hodde real estate,260.0,24,0.28,N,True
USHOMEBUY (1).xlsx,kbb home value,260.0,24,3.37,N,True
USHOMEBUY (1).xlsx,ownerly home value estimator,260.0,24,2.51,N,True
USHOMEBUY (1).xlsx,pending vs active under contract,260.0,24,0.0,C,True
USHOMEBUY (1).xlsx,sell my house fast lubbock,260.0,24,0.0,C,False
USHOMEBUY (1).xlsx,sell my house for cash san antonio,260.0,24,36.47,C,False
USHOMEBUY (1).xlsx,we buy houses minnesota,260.0,24,27.14,nan,False
USHOMEBUY (1).xlsx,ballantyne charlotte nc zip code,260.0,25,0.0,I,True
USHOMEBUY (1).xlsx,does a pool increase home value,260.0,25,0.77,I,True
USHOMEBUY (1).xlsx,how do you determine a fair market value,260.0,25,1.96,I,True
USHOMEBUY (1).xlsx,typical earnest money deposit,260.0,25,0.03,I,True
USHOMEBUY (1).xlsx,we buy houses chattanooga tn,260.0,25,31.15,T,False
USHOMEBUY (1).xlsx,we buy houses gahanna oh,260.0,25,0.0,T,False
USHOMEBUY (1).xlsx,what s the value of a finished basement,260.0,25,0.0,I,True
USHOMEBUY (3).xlsx,sell my house fast little rock,260.0,26,0.0,C,False
USHOMEBUY (1).xlsx,does a swimming pool increase home value,260.0,26,0.77,I,True
USHOMEBUY (1).xlsx,eastover dental charlotte nc,260.0,26,3.69,N,True
USHOMEBUY (1).xlsx,how soon can i sell my house after purchase,260.0,26,20.35,I,False
USHOMEBUY (1).xlsx,va inspection criteria,260.0,26,2.31,I,True
USHOMEBUY (1).xlsx,we buy homes reviews,260.0,26,16.41,C,False
USHOMEBUY (1).xlsx,we buy houses in nj,260.0,26,19.76,T,False
USHOMEBUY (3).xlsx,sell my house fast massachusetts,260.0,27,29.3,C,False
USHOMEBUY (1).xlsx,cash home buyers in philadelphia,260.0,27,0.0,C,True
USHOMEBUY (1).xlsx,sacramento we buy houses,260.0,27,18.42,C,False
USHOMEBUY (1).xlsx,we buy houses in arizona,260.0,27,31.77,C,False
USHOMEBUY (1).xlsx,we buy houses in arlington,260.0,27,0.0,T,True
USHOMEBUY (1).xlsx,we buy houses in massachusetts,260.0,27,37.96,T,False
USHOMEBUY (1).xlsx,we buy portland houses,260.0,27,42.8,C,False
USHOMEBUY (2).xlsx,virginia foreclosures,260.0,28,0.39,C,True
USHOMEBUY (3).xlsx,sell my house fast austin texas,260.0,28,13.1,C,False
USHOMEBUY (1).xlsx,homes for sale in 37938 zip code,260.0,28,0.18,T,True
USHOMEBUY (1).xlsx,sell my house as is fast,260.0,28,34.13,I,False
USHOMEBUY (2).xlsx,can i buy a foreclosure with a va loan,260.0,29,5.0,I,True
USHOMEBUY (3).xlsx,sell my house fast chicago il,260.0,29,0.0,C,False
USHOMEBUY (3).xlsx,sell my house cash san antonio,260.0,29,48.68,C,False
USHOMEBUY (1).xlsx,capitol hill zip code seattle,260.0,29,0.0,I,True
USHOMEBUY (1).xlsx,i have to sell my house fast,260.0,29,68.17,I,False
USHOMEBUY (1).xlsx,real estate terms and definitions,260.0,29,0.45,I,True
USHOMEBUY (1).xlsx,silver lake providence,260.0,29,0.0,I T,True
USHOMEBUY (1).xlsx,arcadia arizona zip code,210.0,0,0.0,I,True
USHOMEBUY (1).xlsx,sell my house fast brandon,210.0,0,0.0,I,False
USHOMEBUY (1).xlsx,sell my house fast dixon,210.0,0,0.0,C,False
USHOMEBUY (1).xlsx,sell my house fast new berlin,210.0,0,0.0,C,False
USHOMEBUY (1).xlsx,sell my house fast olympia wa,210.0,0,0.0,I,False
USHOMEBUY (1).xlsx,we buy houses greendale,210.0,0,0.0,I,False
USHOMEBUY (1).xlsx,we buy houses new berlin,210.0,0,0.0,I,False
USHOMEBUY (1).xlsx,sell my house fast farmington,210.0,1,34.13,I,False
USHOMEBUY (1).xlsx,sell my house fast hampton,210.0,1,23.88,C,False
USHOMEBUY (1).xlsx,sell my house fast north highlands,210.0,1,0.0,C,False
USHOMEBUY (1).xlsx,sell my house fast waukesha,210.0,1,14.33,I,False
USHOMEBUY (1).xlsx,we buy houses farmington,210.0,1,0.0,I,False
USHOMEBUY (1).xlsx,we buy houses for cash loomis,210.0,1,0.0,T,False
USHOMEBUY (1).xlsx,sell my house fast downey,210.0,2,0.0,nan,False
USHOMEBUY (1).xlsx,sell my house fast elk grove,210.0,2,0.0,C,False
USHOMEBUY (1).xlsx,sell my house fast fair oaks,210.0,2,0.0,C,False
USHOMEBUY (1).xlsx,sell my house fast west allis,210.0,2,0.0,I,False
USHOMEBUY (3).xlsx,sell my house fast woodland,210.0,3,38.4,I C,False
USHOMEBUY (1).xlsx,primary residence vs second home,210.0,3,0.0,C,True
USHOMEBUY (1).xlsx,sell my house fast brookfield,210.0,3,0.0,C I,False
USHOMEBUY (1).xlsx,sell my house fast clarksville tn,210.0,3,0.0,C,False
USHOMEBUY (1).xlsx,we buy houses citrus heights,210.0,3,0.26,T,False
USHOMEBUY (1).xlsx,we buy houses independence,210.0,3,0.0,T,True
USHOMEBUY (2).xlsx,va loan after short sale,210.0,4,0.0,I,True
USHOMEBUY (2).xlsx,foreclosed homes in richmond va,210.0,4,0.42,C,True
USHOMEBUY (1).xlsx,poisonous spiders tn,210.0,4,0.55,I,True
USHOMEBUY (1).xlsx,sell my house brighton,210.0,4,0.0,C,False
USHOMEBUY (1).xlsx,sell my house fast grand prairie,210.0,4,0.0,C,False
USHOMEBUY (1).xlsx,sell my house fast orangevale,210.0,4,12.83,C,True
USHOMEBUY (1).xlsx,sell my house fast rancho cordova,210.0,4,40.34,I,True
USHOMEBUY (1).xlsx,sell my house fast tulsa,210.0,4,12.52,C,False
USHOMEBUY (1).xlsx,sell my house for cash fort mitchell ky,210.0,4,0.0,I,False
USHOMEBUY (1).xlsx,arcadia phoenix zip code,210.0,5,0.0,I,True
USHOMEBUY (1).xlsx,sell my house eugene,210.0,5,0.0,C I,False
USHOMEBUY (1).xlsx,sell my house fast frisco,210.0,5,0.0,C,False
USHOMEBUY (1).xlsx,spiders tennessee,210.0,5,0.0,I,True
USHOMEBUY (1).xlsx,we buy houses allentown pa,210.0,5,0.0,T,False
USHOMEBUY (1).xlsx,we buy houses lakewood,210.0,5,0.0,I,False
USHOMEBUY (2).xlsx,foreclosed homes in virginia beach,210.0,6,0.56,C,True
USHOMEBUY (3).xlsx,sell my house fast cleveland,210.0,6,15.68,C,False
USHOMEBUY (1).xlsx,arcadia neighborhood phoenix zip code,210.0,6,0.0,I,True
USHOMEBUY (1).xlsx,increase and decrease middle ground,210.0,6,0.0,I,True
USHOMEBUY (1).xlsx,sell my house fast frisco tx,210.0,6,0.0,C,False
USHOMEBUY (1).xlsx,sell my house fast galveston,210.0,6,0.0,C,False
USHOMEBUY (1).xlsx,sell my house fast oakland,210.0,6,19.2,C I,False
USHOMEBUY (1).xlsx,we buy houses kent,210.0,6,0.0,C,False
USHOMEBUY (2).xlsx,closing costs in virginia,210.0,7,2.46,I,True
USHOMEBUY (2).xlsx,assumable va loan homes for sale,210.0,7,3.15,T,True
USHOMEBUY (3).xlsx,sell my house fast san francisco,210.0,7,30.26,C,False
USHOMEBUY (1).xlsx,big spiders in tennessee,210.0,7,0.0,I,True
USHOMEBUY (1).xlsx,sell my house fast lakewood,210.0,7,34.13,C,False
USHOMEBUY (1).xlsx,we buy houses santa rosa,210.0,7,0.0,I,False
USHOMEBUY (3).xlsx,we buy houses for cash st. charles,210.0,8,0.0,T,False
USHOMEBUY (1).xlsx,anthem arizona zip code,210.0,8,0.0,I,True
USHOMEBUY (1).xlsx,sell my house clarksville tn,210.0,8,15.31,C,False
USHOMEBUY (1).xlsx,sell my house fast charleston,210.0,8,10.75,C,False
USHOMEBUY (1).xlsx,sell my house fast tempe,210.0,8,39.24,C,False
USHOMEBUY (1).xlsx,should i buy a house with galvanized plumbing,210.0,8,0.0,I,True
USHOMEBUY (1).xlsx,we buy houses in portland,210.0,8,42.8,T,False
USHOMEBUY (1).xlsx,we buy houses san jose,210.0,8,21.73,T,False
USHOMEBUY (1).xlsx,we buy houses warren,210.0,8,0.0,I,False
USHOMEBUY (1).xlsx,we buy houses waukesha,210.0,8,42.57,T,False
USHOMEBUY (1).xlsx,zip code benbrook tx,210.0,8,0.0,I,True
USHOMEBUY (3).xlsx,sell my house fast lexington ky,210.0,9,8.74,C,False
USHOMEBUY (1).xlsx,residential appraisal checklist,210.0,9,0.85,I,True
USHOMEBUY (1).xlsx,sell my house fast charleston sc,210.0,9,14.9,C,False
USHOMEBUY (1).xlsx,sell my house fast pueblo,210.0,9,0.0,C,False
USHOMEBUY (1).xlsx,sell my house fort collins,210.0,9,0.0,C,False
USHOMEBUY (1).xlsx,silverlake zip code,210.0,9,0.0,I,True
USHOMEBUY (1).xlsx,we buy houses bristol,210.0,9,0.0,I,False
USHOMEBUY (1).xlsx,we buy houses florence,210.0,9,0.0,I,False
USHOMEBUY (1).xlsx,we buy houses provo utah,210.0,9,0.0,C,False
USHOMEBUY (3).xlsx,we buy houses for cash st charles,210.0,10,0.0,T,False
USHOMEBUY (3).xlsx,sell my house fast fort worth texas,210.0,10,15.51,C,False
USHOMEBUY (1).xlsx,eric feder,210.0,10,0.0,I,True
USHOMEBUY (1).xlsx,rent to own homes bowie md,210.0,10,0.8,I,True
USHOMEBUY (1).xlsx,sell my house albany,210.0,10,56.82,I,False
USHOMEBUY (1).xlsx,sell my house fast bradenton,210.0,10,0.0,C,True
USHOMEBUY (1).xlsx,sell my house fast greenville,210.0,10,12.09,C,False
USHOMEBUY (1).xlsx,sell my house fast pensacola fl,210.0,10,12.74,C,False
USHOMEBUY (1).xlsx,we buy houses anderson sc,210.0,10,0.0,T,True
USHOMEBUY (1).xlsx,sell my house fast bellevue,210.0,11,34.78,C,False
USHOMEBUY (1).xlsx,we buy houses in pensacola,210.0,11,0.0,T,False
USHOMEBUY (1).xlsx,we buy houses raleigh,210.0,11,18.54,T,False
USHOMEBUY (1).xlsx,we buy houses tempe,210.0,11,35.01,T,False
USHOMEBUY (1).xlsx,we buy houses toledo,210.0,11,22.17,I,False
USHOMEBUY (1).xlsx,we buy houses toledo ohio,210.0,11,22.17,I T,False
USHOMEBUY (1).xlsx,what is usually an advantage of homeownership,210.0,11,0.0,I,True
USHOMEBUY (3).xlsx,sell my house fast salt lake city,210.0,12,28.66,C,False
USHOMEBUY (3).xlsx,sell my house fast st petersburg,210.0,12,0.0,C,False
USHOMEBUY (1).xlsx,does a metal roof increase home value,210.0,12,5.14,I,True
USHOMEBUY (1).xlsx,how much is a condemed house worth,210.0,12,0.0,I,True
USHOMEBUY (1).xlsx,residential road,210.0,12,0.0,I,True
USHOMEBUY (1).xlsx,sell my house fast fort myers,210.0,12,4.44,C,False
USHOMEBUY (1).xlsx,sell my house fast puyallup,210.0,12,34.55,C I,False
USHOMEBUY (1).xlsx,we buy houses rancho cucamonga,210.0,12,0.0,C,False
USHOMEBUY (2).xlsx,title insurance virginia,210.0,13,2.78,I,True
USHOMEBUY (3).xlsx,sell my house fast columbia sc,210.0,13,18.45,C,False
USHOMEBUY (1).xlsx,can i still sell my house in foreclosure,210.0,13,0.0,I,False
USHOMEBUY (1).xlsx,providence plantation nc,210.0,13,0.2,I,True
USHOMEBUY (1).xlsx,requirements to buy a house under llc,210.0,13,3.52,I,True
USHOMEBUY (1).xlsx,we buy houses clearwater,210.0,13,0.0,C,False
USHOMEBUY (1).xlsx,we buy houses hampton roads,210.0,13,0.0,T,False
USHOMEBUY (1).xlsx,what is the value of n 133 142,210.0,13,0.0,I,True
USHOMEBUY (2).xlsx,how to sell a house in virginia,210.0,14,0.0,I,True
USHOMEBUY (2).xlsx,fha loans virginia,210.0,14,5.02,I,True
USHOMEBUY (1).xlsx,4619 camden ave n,210.0,14,0.0,I,True
USHOMEBUY (1).xlsx,76182 zip code,210.0,14,0.0,I,True
USHOMEBUY (1).xlsx,define net proceeds,210.0,14,0.0,I,True
USHOMEBUY (1).xlsx,ryan homes at avalon woods,210.0,14,1.39,N,True
USHOMEBUY (1).xlsx,sell my house fast lakeland,210.0,14,8.45,C,False
USHOMEBUY (1).xlsx,we buy houses henderson,210.0,14,0.0,C,True
USHOMEBUY (2).xlsx,we buy houses richmond va,210.0,15,34.78,T,True
USHOMEBUY (3).xlsx,sell my house fast greenville sc,210.0,15,22.55,C,False
USHOMEBUY (3).xlsx,sell my house fast in fort worth,210.0,15,15.51,C,False
USHOMEBUY (1).xlsx,downtown fort worth zip code,210.0,15,0.0,I,True
USHOMEBUY (1).xlsx,nrh tx zip code,210.0,15,0.0,I,True
USHOMEBUY (1).xlsx,open model homes near me,210.0,15,2.98,T,True
USHOMEBUY (1).xlsx,the virginia home richmond virginia,210.0,15,3.32,N,True
USHOMEBUY (1).xlsx,uptown zip code,210.0,15,0.0,I,True
USHOMEBUY (1).xlsx,we buy houses st petersburg fl,210.0,15,0.0,C,False
USHOMEBUY (1).xlsx,what does it mean when a property is under contract,210.0,15,0.0,I,True
USHOMEBUY (2).xlsx,sell my house fast baltimore md,210.0,16,22.21,C,True
USHOMEBUY (1).xlsx,comp finder,210.0,16,2.76,I,True
USHOMEBUY (1).xlsx,house condemnation,210.0,16,0.0,I,True
USHOMEBUY (1).xlsx,kukun home value,210.0,16,3.56,C,True
USHOMEBUY (1).xlsx,sell my house fast killeen,210.0,16,170.73,C,False
USHOMEBUY (1).xlsx,under contract show meaning,210.0,16,0.04,I,True
USHOMEBUY (2).xlsx,buying a foreclosure with a va loan,210.0,17,2.62,I,True
USHOMEBUY (2).xlsx,fha home loan virginia,210.0,17,12.51,I,True
USHOMEBUY (1).xlsx,can i sell my house with a lien on it,210.0,17,28.91,I,False
USHOMEBUY (1).xlsx,how to deal with the stress of selling your house,210.0,17,0.0,I,True
USHOMEBUY (1).xlsx,open houses virginia beach va,210.0,17,0.48,I,True
USHOMEBUY (1).xlsx,sell my house in foreclosure,210.0,17,29.42,I,False
USHOMEBUY (1).xlsx,we buy houses fort worth tx,210.0,17,28.92,C,False
USHOMEBUY (1).xlsx,we buy houses peoria il,210.0,17,0.0,I T,False
USHOMEBUY (1).xlsx,we buy ugly houses st louis mo,210.0,17,50.22,T,False
USHOMEBUY (1).xlsx,which improvements increase home value mintpalhouse,210.0,17,0.67,I,True
USHOMEBUY (1).xlsx,zip code for downtown raleigh,210.0,17,0.0,I,True
USHOMEBUY (3).xlsx,sell my house fast alabama,210.0,18,22.94,C,False
USHOMEBUY (1).xlsx,8 mccullough dr new castle de,210.0,18,0.0,I,True
USHOMEBUY (1).xlsx,definition of net proceeds,210.0,18,0.0,I,True
USHOMEBUY (1).xlsx,does a fence add value to your home,210.0,18,0.0,I,True
USHOMEBUY (1).xlsx,memphis sell my house,210.0,18,28.86,C,False
USHOMEBUY (1).xlsx,n arlington ave,210.0,18,0.0,I,True
USHOMEBUY (1).xlsx,sell my house before foreclosure,210.0,18,45.43,I,False
USHOMEBUY (1).xlsx,we buy homes milwaukee,210.0,18,39.41,T,False
USHOMEBUY (1).xlsx,we buy houses columbia,210.0,18,18.46,T,False
USHOMEBUY (1).xlsx,we buy houses columbia tn,210.0,18,0.0,I,False
USHOMEBUY (1).xlsx,we buy houses columbus ga,210.0,18,33.39,C,False
USHOMEBUY (1).xlsx,what does it mean when a house in under contract,210.0,18,0.02,C,True
USHOMEBUY (1).xlsx,zip code for uptown charlotte,210.0,18,0.0,I,True
USHOMEBUY (3).xlsx,sell my house fast okc,210.0,19,21.81,C,False
USHOMEBUY (1).xlsx,appraisal update new rules defined,210.0,19,0.0,I,True
USHOMEBUY (1).xlsx,home under contract meaning,210.0,19,0.02,C,True
USHOMEBUY (1).xlsx,providence plantation neighborhood charlotte nc,210.0,19,0.11,I,True
USHOMEBUY (1).xlsx,reno county buy sell and trade,210.0,19,0.0,T,True
USHOMEBUY (1).xlsx,we buy houses arlington tx,210.0,19,0.0,T,True
USHOMEBUY (1).xlsx,we buy houses springfield,210.0,19,25.07,T,False
USHOMEBUY (1).xlsx,we buy houses york pa,210.0,19,0.0,T,False
USHOMEBUY (1).xlsx,what does it mean to be under contract,210.0,19,0.02,I,True
USHOMEBUY (1).xlsx,what is estimated value,210.0,19,0.0,I,True
USHOMEBUY (3).xlsx,sell my house fast in atlanta,210.0,20,18.55,C,False
USHOMEBUY (3).xlsx,sell my house fast pittsburgh,210.0,20,21.59,C,False
USHOMEBUY (1).xlsx,brier creek zip code,210.0,20,0.0,I,True
USHOMEBUY (1).xlsx,does a fence add value to a home,210.0,20,0.0,I,True
USHOMEBUY (1).xlsx,hoa fee definition,210.0,20,0.05,I,True
USHOMEBUY (1).xlsx,los feliz la zip code,210.0,20,0.0,I,True
USHOMEBUY (1).xlsx,market value vs appraised value,210.0,20,1.91,C,True
USHOMEBUY (1).xlsx,sell my house fast omaha ne,210.0,20,0.0,I,False
USHOMEBUY (1).xlsx,under contract for a house,210.0,20,0.55,I,True
USHOMEBUY (1).xlsx,we buy houses amarillo,210.0,20,32.31,T,False
USHOMEBUY (1).xlsx,we buy houses dublin,210.0,20,0.0,I,False
USHOMEBUY (1).xlsx,we buy houses fast in memphis tn,210.0,20,0.0,I,False
USHOMEBUY (1).xlsx,what does it mean for a house to be condemned,210.0,20,0.0,I,True
USHOMEBUY (2).xlsx,va county loan limit in tampa,210.0,21,0.0,I,True
USHOMEBUY (1).xlsx,buy sell trade salina kansas,210.0,21,0.0,T,True
USHOMEBUY (1).xlsx,how much value does a basement remodel add,210.0,21,2.56,I,True
USHOMEBUY (1).xlsx,how to find a value,210.0,21,1.2,I,True
USHOMEBUY (1).xlsx,preston hollow zip code,210.0,21,0.0,I,True
USHOMEBUY (1).xlsx,sell my house fast kansas city missouri,210.0,21,40.86,C,False
USHOMEBUY (1).xlsx,squatting laws pennsylvania,210.0,21,0.28,I,True
USHOMEBUY (1).xlsx,we buy houses detroit mi,210.0,21,32.68,T,True
USHOMEBUY (1).xlsx,we buy houses savannah,210.0,21,0.0,N T,True
USHOMEBUY (1).xlsx,wendover sedgewood,210.0,21,0.0,I,True
USHOMEBUY (1).xlsx,what is under contract in real estate,210.0,21,0.02,C I,True
USHOMEBUY (1).xlsx,zip code highland park tx,210.0,21,0.0,I,True
USHOMEBUY (2).xlsx,foreclosures in virginia,210.0,22,0.3,C,True
USHOMEBUY (3).xlsx,sell my house fast indianapolis,210.0,22,23.13,C,False
USHOMEBUY (3).xlsx,sell my house fast illinois,210.0,22,27.85,C,False
USHOMEBUY (1).xlsx,dilworth nc zip code,210.0,22,0.0,I,True
USHOMEBUY (1).xlsx,rent to own washington court house,210.0,22,2.83,I,True
USHOMEBUY (1).xlsx,we buy houses boise,210.0,22,41.19,I T,False
USHOMEBUY (1).xlsx,we buy houses tallahassee,210.0,22,20.61,T,False
USHOMEBUY (1).xlsx,we buy houses wilmington nc,210.0,22,0.0,T,True
USHOMEBUY (1).xlsx,what happens when a house is condemned,210.0,22,0.0,I,True
USHOMEBUY (1).xlsx,what is appraised value,210.0,22,2.59,I,True
USHOMEBUY (1).xlsx,what is included in square footage of a house,210.0,22,0.3,I,True
USHOMEBUY (1).xlsx,what is market value in real estate,210.0,22,1.83,I,True
USHOMEBUY (1).xlsx,zip code for belmont north carolina,210.0,22,0.0,I,True
USHOMEBUY (3).xlsx,sell my house fast denver colorado,210.0,23,20.8,C,True
USHOMEBUY (3).xlsx,sell my house fast dfw,210.0,23,17.83,C,False
USHOMEBUY (1).xlsx,declutter your house for sale,210.0,23,1.73,I,True
USHOMEBUY (1).xlsx,fast sell my house,210.0,23,56.82,I,False
USHOMEBUY (1).xlsx,how do you get a house condemned,210.0,23,8.34,I,True
USHOMEBUY (1).xlsx,sell my house in texas,210.0,23,53.29,I,False
USHOMEBUY (1).xlsx,we buy homes oklahoma,210.0,23,37.56,T,False
USHOMEBUY (1).xlsx,we buy houses in southern california,210.0,23,0.0,I,False
USHOMEBUY (1).xlsx,we buy houses scams,210.0,23,10.98,I,False
USHOMEBUY (2).xlsx,companies that buy houses in virginia,210.0,24,0.0,T,True
USHOMEBUY (1).xlsx,definition of a deed of trust,210.0,24,0.57,I,True
USHOMEBUY (1).xlsx,salina buy sell trade,210.0,24,0.0,N T,True
USHOMEBUY (1).xlsx,we buy houses in tampa,210.0,24,14.05,T,False
USHOMEBUY (1).xlsx,we buy houses in tucson,210.0,24,37.47,T,False
USHOMEBUY (1).xlsx,we buy houses jacksonville florida,210.0,24,36.98,T,False
USHOMEBUY (1).xlsx,what does under contract mean on a house,210.0,24,0.02,C,True
USHOMEBUY (1).xlsx,what is a condemned house,210.0,24,0.0,I,True
USHOMEBUY (2).xlsx,we buy houses for cash maryland,210.0,25,0.0,C,True
USHOMEBUY (2).xlsx,va foreclosure homes,210.0,25,2.07,C,True
USHOMEBUY (2).xlsx,bank foreclosures virginia,210.0,25,0.29,C,True
USHOMEBUY (2).xlsx,assumable va loans near me,210.0,25,3.95,T,True
USHOMEBUY (1).xlsx,condemnable house,210.0,25,7.24,I,True
USHOMEBUY (1).xlsx,hodde realty,210.0,25,0.28,N,True
USHOMEBUY (1).xlsx,home valentines day,210.0,25,0.0,I,True
USHOMEBUY (1).xlsx,how do you pay for home renovations,210.0,25,5.35,I,True
USHOMEBUY (1).xlsx,how much will i make if i sell my house,210.0,25,2.79,I,False
USHOMEBUY (1).xlsx,we buy houses lancaster pa,210.0,25,21.52,T,False
USHOMEBUY (1).xlsx,we buy houses oklahoma,210.0,25,37.56,C,False
USHOMEBUY (1).xlsx,we buy houses poughkeepsie,210.0,25,0.0,T,False
USHOMEBUY (1).xlsx,what does condemned house mean,210.0,25,0.0,I,True
USHOMEBUY (1).xlsx,zip code capitol hill seattle,210.0,25,0.0,I,True
USHOMEBUY (2).xlsx,cash home buyers in virginia,210.0,26,0.0,C,True
USHOMEBUY (2).xlsx,cash buyers in maryland,210.0,26,61.28,C,True
USHOMEBUY (2).xlsx,we buy homes in maryland,210.0,26,43.25,T,True
USHOMEBUY (3).xlsx,we buy houses for cash jacksonville,210.0,26,27.26,C,False
USHOMEBUY (1).xlsx,condemn a house meaning,210.0,26,0.0,I,True
USHOMEBUY (1).xlsx,do fences increase property value,210.0,26,0.0,I,True
USHOMEBUY (1).xlsx,does a finished basement add value,210.0,26,0.0,I,True
USHOMEBUY (1).xlsx,does adding a pool add value to your home,210.0,26,0.53,I,True
USHOMEBUY (1).xlsx,fort worth tcu zip code,210.0,26,0.0,C,True
USHOMEBUY (1).xlsx,i want to sell my house for cash,210.0,26,66.9,I,False
USHOMEBUY (1).xlsx,outside painting cost,210.0,26,6.61,I,True
USHOMEBUY (1).xlsx,we buy houses in georgia,210.0,26,33.97,T,False
USHOMEBUY (1).xlsx,we buy houses in ohio,210.0,26,33.27,T,False
USHOMEBUY (2).xlsx,cash home buyers in maryland,210.0,27,35.71,C,True
USHOMEBUY (3).xlsx,we buy houses fast in memphis,210.0,27,0.0,T,False
USHOMEBUY (1).xlsx,dilworth zip code charlotte,210.0,27,0.0,C I,True
USHOMEBUY (1).xlsx,hodde real estate company,210.0,27,0.44,N,True
USHOMEBUY (1).xlsx,home under contract,210.0,27,0.55,C,True
USHOMEBUY (1).xlsx,houses for sale in 28215 zip code,210.0,27,0.61,T,True
USHOMEBUY (1).xlsx,prudent home buyers,210.0,27,19.0,N,True
USHOMEBUY (1).xlsx,we buy houses idaho,210.0,27,35.83,T,False
USHOMEBUY (1).xlsx,we buy houses in any condition dallas,210.0,27,0.0,T,False
USHOMEBUY (1).xlsx,we buy houses in oklahoma city,210.0,27,32.39,T,False
USHOMEBUY (1).xlsx,what is needed to purchase a home,210.0,27,2.22,I,True
USHOMEBUY (3).xlsx,sell my house fast orlando fl,210.0,28,13.48,C,False
USHOMEBUY (1).xlsx,federal home app auction,210.0,28,1.25,I,True
USHOMEBUY (1).xlsx,sell my house for fast,210.0,28,34.13,I,False
USHOMEBUY (1).xlsx,we buy houses in new york,210.0,28,0.0,I,False
USHOMEBUY (1).xlsx,we buy houses in pennsylvania,210.0,28,18.5,T,True
USHOMEBUY (1).xlsx,we buy ugly houses review,210.0,28,24.64,C,False
USHOMEBUY (3).xlsx,sell my house for cash memphis,210.0,29,0.0,C,False
USHOMEBUY (1).xlsx,at home valentine's day,210.0,29,0.0,C,True
USHOMEBUY (1).xlsx,houston we buy houses,210.0,29,41.0,T,False
USHOMEBUY (1).xlsx,we buy houses pittsburgh pa,210.0,29,0.0,T,False
USHOMEBUY (1).xlsx,wenatchee vende,210.0,29,0.0,N,True
USHOMEBUY (3).xlsx,sell my house fast milton,170.0,0,16.34,C,False
USHOMEBUY (1).xlsx,cash offer for my home arlington heights,170.0,0,0.0,C I,True
USHOMEBUY (1).xlsx,sell my house fast bridgemill,170.0,0,19.79,C,False
USHOMEBUY (1).xlsx,sell my house fast carrollton,170.0,0,0.0,I,False
USHOMEBUY (1).xlsx,sell my house fast davis,170.0,0,10.74,C I,False
USHOMEBUY (1).xlsx,sell my house fast independence,170.0,0,21.54,C,True
USHOMEBUY (1).xlsx,sell my house fast kent,170.0,0,0.0,I,False
USHOMEBUY (1).xlsx,sell my house fast miami gardens,170.0,0,0.0,C,True
USHOMEBUY (1).xlsx,sell my house fast olympia,170.0,0,39.26,I,False
USHOMEBUY (1).xlsx,sell my house fast shawnee,170.0,0,0.0,C I,False
USHOMEBUY (1).xlsx,we buy houses elm grove,170.0,0,0.0,T,False
USHOMEBUY (1).xlsx,we buy houses everett,170.0,0,15.49,T,False
USHOMEBUY (1).xlsx,we buy houses liberty mo,170.0,0,0.0,I,False
USHOMEBUY (1).xlsx,we buy houses lynchburg va,170.0,0,0.0,T,True
USHOMEBUY (1).xlsx,we buy houses olathe,170.0,0,0.0,C,False
USHOMEBUY (1).xlsx,cash home buyers independence,170.0,1,0.0,C,True
USHOMEBUY (1).xlsx,sell my house fast newport news,170.0,1,0.0,C,False
USHOMEBUY (1).xlsx,we buy houses burlington,170.0,1,0.0,I,False
USHOMEBUY (1).xlsx,we buy houses overland park,170.0,1,0.0,T,False
USHOMEBUY (1).xlsx,odel reopened 2023 interior design changes,170.0,2,0.0,I,True
USHOMEBUY (1).xlsx,sell my house fast belton,170.0,2,0.0,C,False
USHOMEBUY (1).xlsx,sell my house fast hampton va,170.0,2,0.0,C,True
USHOMEBUY (1).xlsx,sell my house fast raytown,170.0,2,0.0,C,False
USHOMEBUY (1).xlsx,sell my house fast temple,170.0,2,0.0,C I,False
USHOMEBUY (1).xlsx,sell my house fast yakima,170.0,2,34.13,C I,False
USHOMEBUY (1).xlsx,sell my house for cash bellevue ky,170.0,2,0.0,I,False
USHOMEBUY (1).xlsx,sell my house savannah,170.0,2,7.09,C,True
USHOMEBUY (1).xlsx,types of spiders in tennessee,170.0,2,0.41,I,True
USHOMEBUY (1).xlsx,we buy houses auburn,170.0,2,0.0,I,False
USHOMEBUY (3).xlsx,sell my house fast spartanburg sc,170.0,3,0.0,C,False
USHOMEBUY (1).xlsx,andover properties careers,170.0,3,0.0,C,True
USHOMEBUY (1).xlsx,sell my house fast portsmouth,170.0,3,0.0,C,False
USHOMEBUY (1).xlsx,sell my house fast smyrna,170.0,3,0.0,C,False
USHOMEBUY (1).xlsx,sell my house fast spring tx,170.0,3,0.0,C,False
USHOMEBUY (1).xlsx,sell my house fast sterling heights,170.0,3,34.79,C,False
USHOMEBUY (1).xlsx,sell my house in arizona,170.0,3,30.31,C,False
USHOMEBUY (1).xlsx,spiders of east tn,170.0,3,0.48,I,True
USHOMEBUY (1).xlsx,we buy houses in hampton roads,170.0,3,0.0,T,False
USHOMEBUY (1).xlsx,we buy houses in seattle,170.0,3,0.0,T,False
USHOMEBUY (1).xlsx,we buy houses olympia wa,170.0,3,0.0,I,False
USHOMEBUY (3).xlsx,sell my house fast antioch tn,170.0,4,15.6,I C,False
USHOMEBUY (1).xlsx,sell my house fast corona,170.0,4,40.95,C,False
USHOMEBUY (1).xlsx,sell my house fast franklin,170.0,4,0.0,C,False
USHOMEBUY (1).xlsx,sell my house fast irving tx,170.0,4,0.0,C,False
USHOMEBUY (1).xlsx,what makes a house condemned,170.0,4,0.0,I,True
USHOMEBUY (1).xlsx,arcadia phoenix az zip code,170.0,5,0.0,nan,True
USHOMEBUY (1).xlsx,big tennessee spiders,170.0,5,0.0,I,True
USHOMEBUY (1).xlsx,black spiders in tennessee,170.0,5,0.0,I,True
USHOMEBUY (1).xlsx,does new roof increase home value in cumming ga,170.0,5,0.0,I,True
USHOMEBUY (1).xlsx,philadelphia squatter laws,170.0,5,0.24,I,True
USHOMEBUY (1).xlsx,sell my house fast allentown,170.0,5,0.0,C,False
USHOMEBUY (1).xlsx,sell my house fast columbia tn,170.0,5,0.0,C,False
USHOMEBUY (1).xlsx,sell my house fast long beach,170.0,5,0.0,C,False
USHOMEBUY (1).xlsx,sell my house fast roseville,170.0,5,34.13,C,False
USHOMEBUY (1).xlsx,spiders in east tn,170.0,5,0.48,I,True
USHOMEBUY (1).xlsx,we buy houses franklin,170.0,5,0.0,I,False
USHOMEBUY (1).xlsx,we buy houses temple tx,170.0,5,28.0,I,False
USHOMEBUY (3).xlsx,sell my house fast jacksonville nc,170.0,6,0.0,C,False
USHOMEBUY (1).xlsx,appraised value meaning,170.0,6,2.37,C,True
USHOMEBUY (1).xlsx,rent to own homes in arlington tx,170.0,6,2.12,C,True
USHOMEBUY (1).xlsx,sell my house fast livonia,170.0,6,0.0,C,False
USHOMEBUY (1).xlsx,sell my house fast pasadena tx,170.0,6,0.0,C,True
USHOMEBUY (1).xlsx,sell my house fast vancouver wa,170.0,6,0.0,I,True
USHOMEBUY (1).xlsx,title company response report definition,170.0,6,0.0,I,True
USHOMEBUY (1).xlsx,we buy houses fort walton beach,170.0,6,0.0,T,False
USHOMEBUY (1).xlsx,dhow much does a playhouse raise the value,170.0,7,0.0,I,True
USHOMEBUY (1).xlsx,how long does it take to get a va appraisal,170.0,7,0.0,I,True
USHOMEBUY (1).xlsx,large spiders in tennessee,170.0,7,0.0,I,True
USHOMEBUY (1).xlsx,sell my house fast beaumont,170.0,7,0.0,C,False
USHOMEBUY (1).xlsx,sell my house fast coral springs,170.0,7,0.0,C,False
USHOMEBUY (1).xlsx,sell my house fast overland park ks,170.0,7,42.22,I,False
USHOMEBUY (1).xlsx,sell my house fast spartanburg,170.0,7,0.0,C,False
USHOMEBUY (1).xlsx,we buy houses jersey city,170.0,7,0.0,I,False
USHOMEBUY (1).xlsx,we buy houses morristown tn,170.0,7,0.0,I,False
USHOMEBUY (1).xlsx,we buy houses sterling heights,170.0,7,0.0,I,False
USHOMEBUY (2).xlsx,sell home fast virginia,170.0,8,19.82,C,True
USHOMEBUY (1).xlsx,can you sell a property with a lis pendens,170.0,8,33.0,I,True
USHOMEBUY (1).xlsx,fornerodpropiedades.cl customer service phone number,170.0,8,0.0,I,True
USHOMEBUY (1).xlsx,odel reopened interior design changes 2023,170.0,8,0.0,I,True
USHOMEBUY (1).xlsx,openolat founded year headquarters,170.0,8,0.0,I,True
USHOMEBUY (1).xlsx,poisonous spiders tennessee,170.0,8,0.0,I,True
USHOMEBUY (1).xlsx,real estate agent commission advance,170.0,8,26.61,I,True
USHOMEBUY (1).xlsx,sell my house fast marietta,170.0,8,0.0,C,False
USHOMEBUY (1).xlsx,silverlake zip codes,170.0,8,0.0,I,True
USHOMEBUY (1).xlsx,we buy houses macon,170.0,8,29.16,T,False
USHOMEBUY (1).xlsx,we buy houses portland or,170.0,8,14.37,T,False
USHOMEBUY (1).xlsx,we buy houses providence,170.0,8,20.06,T,True
USHOMEBUY (1).xlsx,we buy houses pueblo co,170.0,8,0.0,T,False
USHOMEBUY (1).xlsx,we buy houses vermont,170.0,8,0.0,C,False
USHOMEBUY (1).xlsx,zip code downtown fort worth,170.0,8,0.0,I,True
USHOMEBUY (1).xlsx,zip code for anthem arizona,170.0,8,0.0,I,True
USHOMEBUY (2).xlsx,sell house fast virginia,170.0,9,15.71,C,True
USHOMEBUY (1).xlsx,dallas henderson,170.0,9,0.0,I,True
USHOMEBUY (1).xlsx,founder owner contact information,170.0,9,0.0,I,True
USHOMEBUY (1).xlsx,sell my house pensacola,170.0,9,0.0,C,False
USHOMEBUY (1).xlsx,we buy houses alexandria,170.0,9,0.0,T,True
USHOMEBUY (1).xlsx,we buy houses modesto,170.0,9,0.0,I,True
USHOMEBUY (2).xlsx,how to sell a house by owner in maryland,170.0,10,0.0,I,True
USHOMEBUY (2).xlsx,foreclosed homes richmond va,170.0,10,0.41,C,True
USHOMEBUY (3).xlsx,sell my house fast atlanta georgia,170.0,10,18.55,C,False
USHOMEBUY (3).xlsx,sell my house fast texas city tx,170.0,10,0.0,C,False
USHOMEBUY (3).xlsx,sell my house fast rhode island,170.0,10,0.0,C,True
USHOMEBUY (1).xlsx,sell my house fast san jose,170.0,10,6.64,C,False
USHOMEBUY (1).xlsx,we buy houses in greenville,170.0,10,29.54,T,False
USHOMEBUY (1).xlsx,we buy houses madison,170.0,10,18.82,T,False
USHOMEBUY (1).xlsx,we buy houses schertz tx,170.0,10,0.0,I,False
USHOMEBUY (1).xlsx,zip code for studio city california,170.0,10,0.0,I,True
USHOMEBUY (1).xlsx,average cost to build a house in maryland,170.0,11,1.86,I,True
USHOMEBUY (1).xlsx,how much to build a house in maryland,170.0,11,1.79,I,True
USHOMEBUY (1).xlsx,we buy houses fayetteville ar,170.0,11,0.0,C,False
USHOMEBUY (1).xlsx,we buy houses irving,170.0,11,0.0,T,False
USHOMEBUY (1).xlsx,what fencing will increase property values,170.0,11,0.0,I,True
USHOMEBUY (2).xlsx,sell my house fast baltimore maryland,170.0,12,22.21,C,True
USHOMEBUY (1).xlsx,baltimore we buy houses,170.0,12,35.72,T,True
USHOMEBUY (1).xlsx,encroachment definition real estate,170.0,12,0.03,I,True
USHOMEBUY (1).xlsx,sell my house fast lancaster,170.0,12,0.0,I,False
USHOMEBUY (1).xlsx,sell my house fast waco,170.0,12,0.0,C,False
USHOMEBUY (1).xlsx,what are two advantages of owning your home,170.0,12,0.0,I,True
USHOMEBUY (3).xlsx,sell my house fast louisville kentucky,170.0,13,13.34,C,False
USHOMEBUY (1).xlsx,casas de venta en el centro ca,170.0,13,0.08,C,True
USHOMEBUY (1).xlsx,sell house fast riverside,170.0,13,0.0,I,True
USHOMEBUY (1).xlsx,we buy houses for cash milawaukee,170.0,13,0.0,T,False
USHOMEBUY (1).xlsx,we buy houses round rock tx,170.0,13,0.0,C,False
USHOMEBUY (3).xlsx,sell my house fast oklahoma,170.0,14,37.44,C,False
USHOMEBUY (1).xlsx,at home valentine ideas,170.0,14,0.0,I,True
USHOMEBUY (1).xlsx,cava buys,170.0,14,20.34,T,True
USHOMEBUY (1).xlsx,deerfield lights in plano,170.0,14,0.0,C,True
USHOMEBUY (1).xlsx,houses for sale in wardensville wv,170.0,14,0.32,T,True
USHOMEBUY (1).xlsx,how to condemn a house,170.0,14,0.0,I,True
USHOMEBUY (1).xlsx,north richland hills zip codes,170.0,14,0.0,I,True
USHOMEBUY (1).xlsx,real estate loan in slidell,170.0,14,0.0,C,True
USHOMEBUY (1).xlsx,we buy houses chandler,170.0,14,0.0,T,False
USHOMEBUY (1).xlsx,we buy houses killeen,170.0,14,18.68,T,False
USHOMEBUY (1).xlsx,we buy houses pittsfield ma,170.0,14,0.0,T,False
USHOMEBUY (1).xlsx,we buy houses scottsdale,170.0,14,0.0,T,False
USHOMEBUY (1).xlsx,we buy houses wilmington,170.0,14,0.0,T,True
USHOMEBUY (1).xlsx,7700 henze rd evansville in 47720,170.0,15,0.0,I,True
USHOMEBUY (1).xlsx,are closets included in square footage,170.0,15,0.0,I,True
USHOMEBUY (1).xlsx,sell my house fast st charles mo,170.0,15,34.79,I,False
USHOMEBUY (1).xlsx,sell my house fast tacoma wa,170.0,15,20.02,C,False
USHOMEBUY (1).xlsx,we buy houses athens,170.0,15,0.0,T,False
USHOMEBUY (1).xlsx,we buy houses broward county,170.0,15,0.0,T,False
USHOMEBUY (1).xlsx,we buy houses midland,170.0,15,0.0,T,False
USHOMEBUY (3).xlsx,sell my house fast el paso,170.0,16,22.33,C,False
USHOMEBUY (1).xlsx,appraised value definition,170.0,16,2.37,I,True
USHOMEBUY (1).xlsx,condemn the house,170.0,16,0.0,I,True
USHOMEBUY (1).xlsx,noda charlotte zip code,170.0,16,0.0,I,True
USHOMEBUY (1).xlsx,noda zip code,170.0,16,0.0,I,True
USHOMEBUY (1).xlsx,sell my house fast in phoenix,170.0,16,21.1,C,False
USHOMEBUY (1).xlsx,sell my house fast tucson arizona,170.0,16,0.0,C,False
USHOMEBUY (1).xlsx,selling a house in denver,170.0,16,0.0,I,True
USHOMEBUY (1).xlsx,we buy houses anaheim,170.0,16,0.0,I,False
USHOMEBUY (1).xlsx,we buy houses plano tx,170.0,16,0.0,I,False
USHOMEBUY (1).xlsx,zip code for los feliz,170.0,16,0.0,I,True
USHOMEBUY (2).xlsx,sell my house fast in maryland,170.0,17,22.34,C,True
USHOMEBUY (2).xlsx,how long does it take to assume a va loan,170.0,17,2.13,I,True
USHOMEBUY (3).xlsx,we buy homes for cash columbia sc,170.0,17,21.93,T,False
USHOMEBUY (3).xlsx,sell house fast baltimore,170.0,17,0.0,C,True
USHOMEBUY (1).xlsx,available for sale,170.0,17,0.0,T,True
USHOMEBUY (1).xlsx,deerfield neighborhood plano tx,170.0,17,0.14,I,True
USHOMEBUY (1).xlsx,lakeside neighborhood,170.0,17,0.0,I,True
USHOMEBUY (1).xlsx,we buy houses in augusta,170.0,17,16.15,T,False
USHOMEBUY (1).xlsx,we buy houses in springfield,170.0,17,31.8,T,False
USHOMEBUY (1).xlsx,we buy houses pueblo,170.0,17,0.0,T,False
USHOMEBUY (1).xlsx,what does home under contract mean,170.0,17,0.01,I,True
USHOMEBUY (1).xlsx,what does under contract mean on a house for sale,170.0,17,0.0,I,True
USHOMEBUY (2).xlsx,mortgage closing cost calculator for delaware,170.0,18,0.0,I,True
USHOMEBUY (3).xlsx,we buy houses for cash california,170.0,18,35.33,C,False
USHOMEBUY (3).xlsx,sell my house fast oregon,170.0,18,0.0,C,False
USHOMEBUY (1).xlsx,market value definition real estate,170.0,18,0.0,I,True
USHOMEBUY (1).xlsx,proof of earnest money deposit,170.0,18,0.0,I,True
USHOMEBUY (1).xlsx,sell my house fast jackson ms,170.0,18,17.94,C,False
USHOMEBUY (1).xlsx,sell my house fast reading pa,170.0,18,0.0,I,False
USHOMEBUY (1).xlsx,we buy houses el paso tx,170.0,18,16.89,T,False
USHOMEBUY (1).xlsx,we buy houses in jacksonville florida,170.0,18,27.26,T,False
USHOMEBUY (1).xlsx,we buy houses in overland park,170.0,18,0.0,T,False
USHOMEBUY (1).xlsx,we buy houses kenmore ny,170.0,18,0.0,C,False
USHOMEBUY (2).xlsx,va loan limits california 2024,170.0,19,0.0,I,True
USHOMEBUY (1).xlsx,can i sell my house if its in foreclosure,170.0,19,26.3,I,False
USHOMEBUY (1).xlsx,cash tendered meaning,170.0,19,0.0,I,True
USHOMEBUY (1).xlsx,kansas city we buy houses,170.0,19,52.24,T,False
USHOMEBUY (1).xlsx,silver lake boulevard,170.0,19,0.0,I,True
USHOMEBUY (1).xlsx,want to sell my house quickly,170.0,19,41.22,I,False
USHOMEBUY (1).xlsx,homes for sale in wardensville wv,170.0,20,0.32,T,True
USHOMEBUY (1).xlsx,sell my house fast macon ga,170.0,20,0.0,C,False
USHOMEBUY (1).xlsx,under contract house meaning,170.0,20,0.02,C,True
USHOMEBUY (1).xlsx,we buy houses albany ny,170.0,20,11.23,T,False
USHOMEBUY (1).xlsx,we buy houses augusta ga,170.0,20,15.1,T,False
USHOMEBUY (1).xlsx,we buy houses in indianapolis,170.0,20,0.0,T,False
USHOMEBUY (1).xlsx,we buy houses tulsa ok,170.0,20,32.05,T,False
USHOMEBUY (1).xlsx,wendover sedgewood charlotte,170.0,20,0.0,I,True
USHOMEBUY (1).xlsx,wendover sedgewood charlotte nc,170.0,20,0.0,I,True
USHOMEBUY (1).xlsx,what does a home under contract mean,170.0,20,0.02,C,True
USHOMEBUY (1).xlsx,what does house for sale under contract mean,170.0,20,0.0,I,True
USHOMEBUY (1).xlsx,when to buy a house checklist factors to consider,170.0,20,0.0,I,True
USHOMEBUY (1).xlsx,at home valentines ideas,170.0,21,0.0,I,True
USHOMEBUY (1).xlsx,deadwood sd homes for sale,170.0,21,0.27,T,True
USHOMEBUY (1).xlsx,do hardwood floors increase home value,170.0,21,0.08,I,True
USHOMEBUY (1).xlsx,good valentines day things to do,170.0,21,0.0,I,True
USHOMEBUY (1).xlsx,home valentines ideas,170.0,21,0.0,I,True
USHOMEBUY (1).xlsx,real estate under contract,170.0,21,0.03,I,True
USHOMEBUY (1).xlsx,sell my house fast miami fl,170.0,21,12.52,C,False
USHOMEBUY (1).xlsx,sell my house omaha,170.0,21,29.25,I,False
USHOMEBUY (1).xlsx,under contract house,170.0,21,0.3,I,True
USHOMEBUY (1).xlsx,we buy houses in detroit,170.0,21,36.7,T,True
USHOMEBUY (1).xlsx,we buy houses in south carolina,170.0,21,35.44,T,False
USHOMEBUY (1).xlsx,we buy houses lakeland fl,170.0,21,34.87,T,False
USHOMEBUY (1).xlsx,we buy houses savannah ga,170.0,21,0.0,N T,True
USHOMEBUY (1).xlsx,we buy houses tallahassee fl,170.0,21,20.61,C,False
USHOMEBUY (1).xlsx,we buy houses tampa bay,170.0,21,0.0,C,False
USHOMEBUY (1).xlsx,we buy ugly houses tampa agape home buyers,170.0,21,0.0,T,False
USHOMEBUY (1).xlsx,what is active under contract,170.0,21,0.0,I,True
USHOMEBUY (3).xlsx,sell my house fast dc,170.0,22,24.95,C,True
USHOMEBUY (1).xlsx,active under contract definition,170.0,22,0.02,C I,True
USHOMEBUY (1).xlsx,define encroachment in real estate,170.0,22,0.0,I,True
USHOMEBUY (1).xlsx,how to buy a house under an llc,170.0,22,2.51,I,True
USHOMEBUY (1).xlsx,painting outside of house cost,170.0,22,5.14,I,True
USHOMEBUY (1).xlsx,sell my house fast aurora co,170.0,22,0.0,C,False
USHOMEBUY (1).xlsx,sell my house fast in kansas city,170.0,22,35.83,C,False
USHOMEBUY (1).xlsx,we buy homes any condition,170.0,22,39.1,I,False
USHOMEBUY (1).xlsx,we buy houses albany,170.0,22,11.23,T,False
USHOMEBUY (1).xlsx,we buy houses fresno,170.0,22,19.77,T,False
USHOMEBUY (1).xlsx,we buy houses lincoln ne,170.0,22,32.67,T,False
USHOMEBUY (3).xlsx,we buy houston houses fast,170.0,23,0.0,T,False
USHOMEBUY (1).xlsx,definition of condemned house,170.0,23,0.0,I,True
USHOMEBUY (1).xlsx,homes for sale delphos ohio,170.0,23,0.23,T,True
USHOMEBUY (1).xlsx,is federa home app legit,170.0,23,0.0,I,True
USHOMEBUY (1).xlsx,salina buy sell and trade,170.0,23,0.0,N T,True
USHOMEBUY (1).xlsx,sell my denver house fast,170.0,23,23.77,C,True
USHOMEBUY (1).xlsx,va loan home inspection requirements,170.0,23,0.82,I,True
USHOMEBUY (1).xlsx,we buy houses albuquerque,170.0,23,20.19,T,False
USHOMEBUY (1).xlsx,we buy houses cincinnati ohio,170.0,23,50.66,C,False
USHOMEBUY (1).xlsx,we buy houses in chattanooga,170.0,23,63.65,T,False
USHOMEBUY (1).xlsx,we buy houses in indiana,170.0,23,35.96,T,False
USHOMEBUY (1).xlsx,we buy houses in jacksonville fl,170.0,23,27.26,T,False
USHOMEBUY (1).xlsx,we buy houses tacoma wa,170.0,23,24.01,T,False
USHOMEBUY (1).xlsx,we buy houses tampa florida,170.0,23,30.83,T,False
USHOMEBUY (1).xlsx,zip code los feliz,170.0,23,0.0,I,True
USHOMEBUY (3).xlsx,sell house fast philadelphia,170.0,24,20.52,C,True
USHOMEBUY (1).xlsx,5 percent deposit home loan,170.0,24,0.0,I,True
USHOMEBUY (1).xlsx,degusipe real estate,170.0,24,0.0,N,True
USHOMEBUY (1).xlsx,how much does finishing a basement add to home value,170.0,24,7.71,I,True
USHOMEBUY (1).xlsx,if i sell my house is it taxable,170.0,24,0.85,I,False
USHOMEBUY (1).xlsx,promenade pulte,170.0,24,1.5,N,True
USHOMEBUY (1).xlsx,sell house in washington dc,170.0,24,0.0,C,True
USHOMEBUY (1).xlsx,sell my house and rent it back,170.0,24,13.53,I,False
USHOMEBUY (1).xlsx,we buy houses in washington,170.0,24,0.0,T,True
USHOMEBUY (1).xlsx,we buy houses mesa,170.0,24,0.0,T,False
USHOMEBUY (2).xlsx,repossessed homes in virginia,170.0,25,0.47,C,True
USHOMEBUY (3).xlsx,sell my house fast idaho,170.0,25,32.36,C,False
USHOMEBUY (3).xlsx,sell my house fast nebraska,170.0,25,0.0,C,False
USHOMEBUY (1).xlsx,dilworth charlotte zip code,170.0,25,0.0,C,True
USHOMEBUY (1).xlsx,preston hollow dallas zip code,170.0,25,0.0,C,True
USHOMEBUY (1).xlsx,sell my house in houston tx,170.0,25,58.61,C,False
USHOMEBUY (1).xlsx,we buy houses in illinois,170.0,25,28.72,T,False
USHOMEBUY (1).xlsx,we buy houses omaha ne,170.0,25,31.01,T,False
USHOMEBUY (1).xlsx,what does a house for sale under contract mean,170.0,25,0.0,I,True
USHOMEBUY (2).xlsx,we buy houses in md,170.0,26,43.25,T,True
USHOMEBUY (3).xlsx,we buy houses cash jacksonville,170.0,26,22.03,T,False
USHOMEBUY (3).xlsx,sell my house fast washington dc,170.0,26,24.95,C,True
USHOMEBUY (3).xlsx,sell my house fast in texas,170.0,26,37.76,C,False
USHOMEBUY (1).xlsx,definition of encroachment,170.0,26,0.0,I,True
USHOMEBUY (1).xlsx,home updates that increase value,170.0,26,0.94,I,True
USHOMEBUY (1).xlsx,how much value will a finished basement add,170.0,26,2.56,I,True
USHOMEBUY (1).xlsx,sell my house corpus christi,170.0,26,47.85,C,False
USHOMEBUY (1).xlsx,sell my house rochester ny,170.0,26,21.55,C,False
USHOMEBUY (1).xlsx,washington dc doors,170.0,26,9.94,I,True
USHOMEBUY (1).xlsx,we buy houses amarillo tx,170.0,26,32.31,T,False
USHOMEBUY (1).xlsx,what does under contract mean when buying a house,170.0,26,0.0,I,True
USHOMEBUY (1).xlsx,who orders the appraisal,170.0,26,0.0,I,True
USHOMEBUY (1).xlsx,average price to side a house,170.0,27,4.12,T,True
USHOMEBUY (1).xlsx,best home upgrades to increase value,170.0,27,0.83,C,True
USHOMEBUY (1).xlsx,we buy houses greensboro,170.0,27,27.0,T,False
USHOMEBUY (1).xlsx,we buy houses pa,170.0,27,18.5,T,False
USHOMEBUY (1).xlsx,what's needed to buy a house,170.0,27,2.3,I,True
USHOMEBUY (3).xlsx,sell my house fast las vegas nv,170.0,28,28.67,C,False
USHOMEBUY (1).xlsx,how much does a swimming pool add to home value,170.0,28,0.65,I,True
USHOMEBUY (1).xlsx,want to sell my house fast,170.0,28,55.11,I,False
USHOMEBUY (1).xlsx,we buy houses ky,170.0,28,0.0,T,False
USHOMEBUY (2).xlsx,foreclosures va,170.0,29,1.57,C,True
USHOMEBUY (1).xlsx,denver cash home buyers,170.0,29,34.31,C,True
USHOMEBUY (1).xlsx,old town scottsdale zip code,170.0,29,0.0,I,True
USHOMEBUY (1).xlsx,we buy houses in cincinnati,170.0,29,52.45,T,False
USHOMEBUY (1).xlsx,we buy houses wisconsin,170.0,29,37.67,C,False
USHOMEBUY (2).xlsx,sell fire damaged house delaware,140.0,0,46.47,C,True
USHOMEBUY (3).xlsx,sell my house fast burlington,140.0,0,0.0,I C,False
USHOMEBUY (3).xlsx,sell my house fast eastpointe,140.0,0,18.68,I C,False
USHOMEBUY (3).xlsx,sell my house fast olathe,140.0,0,0.0,I C,False
USHOMEBUY (1).xlsx,sell my house fast arden,140.0,0,0.0,I,True
USHOMEBUY (1).xlsx,sell my house fast cerritos,140.0,0,30.49,C,False
USHOMEBUY (1).xlsx,sell my house fast hudson,140.0,0,27.25,C I,False
USHOMEBUY (1).xlsx,sell my house fast mission viejo,140.0,0,34.13,C,False
USHOMEBUY (1).xlsx,sell your home in virginia beach,140.0,0,0.0,I,True
USHOMEBUY (1).xlsx,we buy houses canton,140.0,0,13.19,I,False
USHOMEBUY (1).xlsx,we buy houses glendale,140.0,0,0.0,T,False
USHOMEBUY (1).xlsx,we buy houses greenfield,140.0,0,0.0,I,False
USHOMEBUY (1).xlsx,we buy houses kirkland,140.0,0,0.0,T,False
USHOMEBUY (1).xlsx,we buy houses north highlands,140.0,0,0.0,T,False
USHOMEBUY (1).xlsx,we buy houses roseville,140.0,0,0.0,C I,False
USHOMEBUY (1).xlsx,we buy houses spring tx,140.0,0,0.0,I,False
USHOMEBUY (3).xlsx,sell my house fast shorewood,140.0,1,0.0,I C,False
USHOMEBUY (1).xlsx,sell my house bellevue,140.0,1,0.0,I,False
USHOMEBUY (1).xlsx,sell my house fast abilene,140.0,1,0.0,C,False
USHOMEBUY (1).xlsx,sell my house fast boca raton,140.0,1,0.0,I,False
USHOMEBUY (1).xlsx,sell my house fast florence,140.0,1,24.31,C I,False
USHOMEBUY (1).xlsx,sell my house fast lodi,140.0,1,38.4,C,False
USHOMEBUY (1).xlsx,sell my house fast toledo,140.0,1,0.0,C,False
USHOMEBUY (1).xlsx,sell my house fast victorville,140.0,1,0.0,C,False
USHOMEBUY (1).xlsx,we buy houses lawrence,140.0,1,0.0,I,False
USHOMEBUY (1).xlsx,we buy houses menomonee falls,140.0,1,0.0,T,False
USHOMEBUY (3).xlsx,sell my house fast troy,140.0,2,20.24,I C,False
USHOMEBUY (1).xlsx,cash home buyers modesto,140.0,2,32.36,C,True
USHOMEBUY (1).xlsx,common tn spiders,140.0,2,0.4,I,True
USHOMEBUY (1).xlsx,sell my house fast clermont,140.0,2,0.0,C,False
USHOMEBUY (1).xlsx,sell my house fast greendale,140.0,2,0.0,C,False
USHOMEBUY (1).xlsx,sell my house fast land park,140.0,2,0.0,C,False
USHOMEBUY (1).xlsx,sell my house fast new braunfels,140.0,2,0.0,I,False
USHOMEBUY (1).xlsx,spider species in tennessee,140.0,2,0.41,I,True
USHOMEBUY (1).xlsx,squatters rights philadelphia,140.0,2,0.44,I,True
USHOMEBUY (1).xlsx,we buy houses shawnee,140.0,2,0.0,I,False
USHOMEBUY (1).xlsx,we buy houses smithville mo,140.0,2,0.7,T,False
USHOMEBUY (3).xlsx,sell my house fast clearwater fl,140.0,3,0.0,C,False
USHOMEBUY (1).xlsx,sell my house fast bakersfield,140.0,3,25.01,C,False
USHOMEBUY (1).xlsx,sell my house fast blue springs,140.0,3,0.0,C,False
USHOMEBUY (1).xlsx,sell my house fast blue springs mo,140.0,3,0.0,C,False
USHOMEBUY (1).xlsx,sell my house fast chandler,140.0,3,0.0,C,False
USHOMEBUY (1).xlsx,sell my house fast deer park tx,140.0,3,0.0,C,True
USHOMEBUY (1).xlsx,sell my house fast hendersonville tn,140.0,3,0.0,I,True
USHOMEBUY (1).xlsx,sell my house fast moreno valley,140.0,3,0.0,C I,True
USHOMEBUY (1).xlsx,sell my house fast warren mi,140.0,3,0.0,C,False
USHOMEBUY (1).xlsx,sell my house in naperville il,140.0,3,0.0,C,False
USHOMEBUY (1).xlsx,spiders in tn,140.0,3,0.79,I,True
USHOMEBUY (1).xlsx,tennessee house spiders,140.0,3,0.98,I,True
USHOMEBUY (1).xlsx,we buy houses clarksville tn,140.0,3,0.0,T,False
MissingUSHOMEBUY.xlsx,sell my house fast cypress tx,140.0,4,34.41,C,False
USHOMEBUY (1).xlsx,home remodeling products services unique value proposition,140.0,4,0.0,I,True
USHOMEBUY (1).xlsx,sell my house fast anaheim ca,140.0,4,0.0,C,False
USHOMEBUY (1).xlsx,sell my house fast baytown tx,140.0,4,0.0,C,False
USHOMEBUY (1).xlsx,sell my house fast hermitage tn,140.0,4,0.0,I,False
USHOMEBUY (1).xlsx,sell my house fast kirkland,140.0,4,0.0,I,False
USHOMEBUY (1).xlsx,sell my house fast lawrence,140.0,4,0.0,C,False
USHOMEBUY (1).xlsx,sell my house fast lawrenceville ga,140.0,4,18.55,I,False
USHOMEBUY (1).xlsx,sell my house fast mckinney tx,140.0,4,10.74,C I,False
USHOMEBUY (1).xlsx,sell my house fast murfreesboro,140.0,4,0.0,C,False
USHOMEBUY (1).xlsx,sell my house fast sugar land tx,140.0,4,0.0,C,False
USHOMEBUY (1).xlsx,we buy houses pensacola fl,140.0,4,33.38,T,False
USHOMEBUY (3).xlsx,sell my house fast madison,140.0,5,0.0,C,False
USHOMEBUY (1).xlsx,how does a house get condemned,140.0,5,0.0,I,True
USHOMEBUY (1).xlsx,how soon after chapter 7 can i sell my house,140.0,5,15.08,I,False
USHOMEBUY (1).xlsx,sell my house bristol,140.0,5,0.0,I,False
USHOMEBUY (1).xlsx,sell my house fast concord,140.0,5,34.78,C,False
USHOMEBUY (1).xlsx,sell my house fast gallatin tn,140.0,5,14.13,C,False
USHOMEBUY (1).xlsx,sell my house fast murfreesboro tn,140.0,5,14.13,C,False
USHOMEBUY (1).xlsx,sell my house madison,140.0,5,0.0,nan,False
USHOMEBUY (1).xlsx,sell my house manchester,140.0,5,0.0,I,False
USHOMEBUY (1).xlsx,spiders east tennessee,140.0,5,0.48,I,True
USHOMEBUY (1).xlsx,we buy houses dunedin,140.0,5,0.0,I,False
USHOMEBUY (1).xlsx,we buy houses spartanburg sc,140.0,5,0.0,T,False
USHOMEBUY (1).xlsx,we buy houses springfield il,140.0,5,0.0,T,False
USHOMEBUY (1).xlsx,we buy houses warner robins,140.0,5,29.23,T,False
USHOMEBUY (1).xlsx,who gets earnest money if deal falls through,140.0,5,0.0,I,True
USHOMEBUY (2).xlsx,sell my house virginia beach,140.0,6,0.0,C,True
USHOMEBUY (3).xlsx,sell my house fast grand rapids,140.0,6,13.84,C,False
USHOMEBUY (1).xlsx,cash home buyers arlington,140.0,6,32.71,C,True
USHOMEBUY (1).xlsx,myers park zip code,140.0,6,0.0,I,True
USHOMEBUY (1).xlsx,pending vs contingent vs under contract,140.0,6,0.0,C,True
USHOMEBUY (1).xlsx,sell my house anaheim,140.0,6,0.0,C,False
USHOMEBUY (1).xlsx,sell my house fast bellingham,140.0,6,31.48,I,False
USHOMEBUY (1).xlsx,sell my house fast weymouth,140.0,6,0.0,C I,False
USHOMEBUY (1).xlsx,sell my house in san diego,140.0,6,43.32,I,False
USHOMEBUY (1).xlsx,sell my house roseville,140.0,6,63.75,I,False
USHOMEBUY (1).xlsx,sell my house sandusky ohio,140.0,6,0.0,C,False
USHOMEBUY (1).xlsx,valuation of schools,140.0,6,0.0,I,True
USHOMEBUY (1).xlsx,we buy houses berkeley,140.0,6,0.0,I,False
USHOMEBUY (1).xlsx,we buy houses cypress,140.0,6,0.0,T,False
USHOMEBUY (1).xlsx,we buy houses port st lucie,140.0,6,16.58,nan,False
USHOMEBUY (3).xlsx,we buy houses for cash eugene,140.0,7,0.0,C,False
USHOMEBUY (3).xlsx,sell my house fast texas city,140.0,7,37.76,I C,False
USHOMEBUY (3).xlsx,sell my house fast in granite bay ca,140.0,7,0.0,C,False
USHOMEBUY (1).xlsx,deadly spiders in tennessee,140.0,7,0.0,I,True
USHOMEBUY (1).xlsx,down payment needed for investment property,140.0,7,2.9,I,True
USHOMEBUY (1).xlsx,large spiders in tn,140.0,7,0.0,I,True
USHOMEBUY (1).xlsx,sell my house clearwater,140.0,7,0.0,C,False
USHOMEBUY (1).xlsx,sell my house fast arlington texas,140.0,7,17.03,C,True
USHOMEBUY (1).xlsx,sell my house fast humble tx,140.0,7,34.13,C,False
USHOMEBUY (1).xlsx,sell my house fast pensacola florida,140.0,7,7.11,C,False
USHOMEBUY (1).xlsx,sell my house fast puyallup wa,140.0,7,0.0,C,False
USHOMEBUY (1).xlsx,venomous spiders in tennessee,140.0,7,0.0,I,True
USHOMEBUY (1).xlsx,venomous spiders tennessee,140.0,7,0.0,I,True
USHOMEBUY (1).xlsx,we buy houses bradenton,140.0,7,0.0,T,True
USHOMEBUY (1).xlsx,we buy houses daytona beach,140.0,7,0.0,T,False
USHOMEBUY (1).xlsx,we buy houses daytona beach fl,140.0,7,0.0,T,False
USHOMEBUY (1).xlsx,we buy houses grand prairie,140.0,7,0.0,C,False
USHOMEBUY (1).xlsx,difference between contingent and under contract,140.0,8,0.04,C,True
USHOMEBUY (1).xlsx,eastover zip code,140.0,8,0.0,I,True
USHOMEBUY (1).xlsx,sell my house fast denton,140.0,8,0.0,C,True
USHOMEBUY (1).xlsx,sell my house fast federal way,140.0,8,20.02,C,True
USHOMEBUY (1).xlsx,sell my house fast in pensacola,140.0,8,12.74,C,False
USHOMEBUY (1).xlsx,sell my house fast in tacoma,140.0,8,13.53,C,False
USHOMEBUY (1).xlsx,sell my house fast murrieta,140.0,8,38.4,C,False
USHOMEBUY (1).xlsx,sell my house san jose,140.0,8,34.6,I,False
USHOMEBUY (1).xlsx,tennessee venomous spiders,140.0,8,0.0,I,True
USHOMEBUY (1).xlsx,value landscape,140.0,8,2.2,I,True
USHOMEBUY (1).xlsx,we buy houses bentonville,140.0,8,0.0,T,False
USHOMEBUY (1).xlsx,we buy houses excelsior springs,140.0,8,0.0,I,False
USHOMEBUY (1).xlsx,we buy houses gainesville,140.0,8,45.38,T,False
USHOMEBUY (1).xlsx,we buy houses hendersonville tn,140.0,8,35.39,I,True
USHOMEBUY (1).xlsx,we buy houses louisville kentucky,140.0,8,41.06,T,False
USHOMEBUY (1).xlsx,garden hills drive,140.0,9,0.0,I,True
USHOMEBUY (1).xlsx,under contract vs contingent vs pending,140.0,9,0.0,C,True
USHOMEBUY (1).xlsx,what is the difference between under contract and pending,140.0,9,0.0,C I,True
USHOMEBUY (2).xlsx,we buy houses in delaware,140.0,10,42.33,T,True
USHOMEBUY (2).xlsx,foreclosed homes in va beach,140.0,10,0.56,C,True
USHOMEBUY (1).xlsx,company that buys houses arlington,140.0,10,0.0,T,True
USHOMEBUY (1).xlsx,how much does it cost to build a house maryland,140.0,10,1.5,I,True
USHOMEBUY (1).xlsx,real estate value proposition,140.0,10,0.0,I,True
USHOMEBUY (1).xlsx,richland hills tx zip code,140.0,10,0.0,C I,True
USHOMEBUY (1).xlsx,sale pending vs under contract,140.0,10,0.0,C,True
USHOMEBUY (1).xlsx,self guided house tours,140.0,10,4.86,I,True
USHOMEBUY (1).xlsx,sell my house clermont fl,140.0,10,0.0,C,False
USHOMEBUY (1).xlsx,sell my house fast columbus ga,140.0,10,0.0,C,False
USHOMEBUY (1).xlsx,sell my house fast fresno,140.0,10,17.59,C,False
USHOMEBUY (1).xlsx,sell my house in aurora il,140.0,10,0.0,I,False
USHOMEBUY (1).xlsx,sell my house in las vegas,140.0,10,36.36,I,False
USHOMEBUY (1).xlsx,we buy houses bethel park,140.0,10,0.0,T,False
USHOMEBUY (1).xlsx,we buy houses bowling green ky,140.0,10,0.0,T,False
USHOMEBUY (1).xlsx,we buy houses in aurora,140.0,10,0.0,T,False
USHOMEBUY (1).xlsx,we buy houses murfreesboro tn,140.0,10,0.0,T,False
USHOMEBUY (1).xlsx,we buy houses plymouth,140.0,10,0.0,T,False
USHOMEBUY (1).xlsx,we buy houses portsmouth,140.0,10,0.0,C,False
USHOMEBUY (1).xlsx,we buy houses raytown,140.0,10,0.0,T,False
USHOMEBUY (1).xlsx,we buy houses st joseph mo,140.0,10,0.0,C,False
USHOMEBUY (1).xlsx,what does emd stand for in real estate,140.0,10,0.0,I,True
USHOMEBUY (2).xlsx,foreclosed homes in virginia beach va,140.0,11,0.49,C,True
USHOMEBUY (2).xlsx,virginia beach title loans,140.0,11,5.24,C,True
USHOMEBUY (3).xlsx,sell my house fast wilmington,140.0,11,13.31,C,True
USHOMEBUY (1).xlsx,arcadia area code,140.0,11,0.0,I,True
USHOMEBUY (1).xlsx,average cost to build a house in virginia,140.0,11,1.61,I,True
USHOMEBUY (1).xlsx,new home construction upgrades,140.0,11,0.0,I,True
USHOMEBUY (1).xlsx,sell my house fast deerfield beach,140.0,11,0.0,C,True
USHOMEBUY (1).xlsx,sell my house fast irvine ca,140.0,11,0.0,C,False
USHOMEBUY (1).xlsx,sell my house fast tucson az,140.0,11,18.64,C,False
USHOMEBUY (1).xlsx,sell my house utah,140.0,11,72.63,C,False
USHOMEBUY (1).xlsx,we buy houses in lexington,140.0,11,0.0,T,False
USHOMEBUY (1).xlsx,we buy houses olathe ks,140.0,11,0.0,C,False
USHOMEBUY (1).xlsx,we buy houses west palm beach,140.0,11,0.0,T,False
USHOMEBUY (1).xlsx,what's the difference between under contract and pending,140.0,11,0.0,C I,True
USHOMEBUY (1).xlsx,zip code uptown charlotte nc,140.0,11,0.0,I,True
USHOMEBUY (2).xlsx,foreclosed homes virginia beach,140.0,12,0.49,C,True
USHOMEBUY (3).xlsx,sell my house for cash california,140.0,12,0.0,C,False
USHOMEBUY (3).xlsx,sell my house fast spokane,140.0,12,11.81,C,False
USHOMEBUY (3).xlsx,sell my house fast st. louis,140.0,12,24.92,C,False
USHOMEBUY (1).xlsx,buying a home under an llc,140.0,12,1.58,I,True
USHOMEBUY (1).xlsx,contingent offer definition,140.0,12,0.05,C I,True
USHOMEBUY (1).xlsx,how much does it cost to paint a house outside,140.0,12,4.18,I,True
USHOMEBUY (1).xlsx,how to get house condemned,140.0,12,8.34,I,True
USHOMEBUY (1).xlsx,sell my house clermont,140.0,12,0.0,I,False
USHOMEBUY (1).xlsx,sell my house fast ogden,140.0,12,0.0,I,True
USHOMEBUY (1).xlsx,sell my house fast riverside ca,140.0,12,8.54,C,True
USHOMEBUY (1).xlsx,sell my house for cash oakbrook ky,140.0,12,0.0,C I,False
USHOMEBUY (1).xlsx,sell my house in tampa,140.0,12,20.56,I,False
USHOMEBUY (1).xlsx,sell my house spokane,140.0,12,0.0,C,False
USHOMEBUY (1).xlsx,under contract-show,140.0,12,0.0,I,True
USHOMEBUY (1).xlsx,upgrades when building a new home,140.0,12,0.0,I,True
USHOMEBUY (1).xlsx,we buy houses belton,140.0,12,0.0,T,False
USHOMEBUY (1).xlsx,we buy houses costa mesa,140.0,12,0.0,I,False
USHOMEBUY (1).xlsx,we buy houses east ridge tn,140.0,12,35.39,T,False
USHOMEBUY (1).xlsx,we buy houses rockford il,140.0,12,0.0,T,False
USHOMEBUY (1).xlsx,what makes a house condemnable,140.0,12,0.0,I,True
USHOMEBUY (3).xlsx,sell my house fast in ohio,140.0,13,0.0,C,False
USHOMEBUY (1).xlsx,can you sell a condemned house,140.0,13,13.48,I,True
USHOMEBUY (1).xlsx,definition dwelling unit,140.0,13,0.0,I,True
USHOMEBUY (1).xlsx,how much value does a pool add to an appraisal,140.0,13,0.96,I,True
USHOMEBUY (1).xlsx,how to transfer property after death without probate,140.0,13,2.04,I,True
USHOMEBUY (1).xlsx,sell my house fast albany,140.0,13,0.0,C,False
USHOMEBUY (1).xlsx,sell my house fast pueblo co,140.0,13,0.0,C,False
USHOMEBUY (1).xlsx,squatters rights in philadelphia pa,140.0,13,0.24,I,True
USHOMEBUY (1).xlsx,upgrades in new home construction,140.0,13,0.0,I,True
USHOMEBUY (1).xlsx,we buy houses antioch tn,140.0,13,0.0,T,False
USHOMEBUY (1).xlsx,we buy houses fayetteville nc,140.0,13,24.29,T,False
USHOMEBUY (1).xlsx,we buy houses fremont,140.0,13,0.0,I,False
USHOMEBUY (1).xlsx,we buy houses garland,140.0,13,0.0,T,False
USHOMEBUY (1).xlsx,we buy houses lansing,140.0,13,13.7,T,False
USHOMEBUY (1).xlsx,we buy houses lincoln,140.0,13,38.83,T,False
USHOMEBUY (1).xlsx,we buy houses livonia,140.0,13,0.0,T,False
USHOMEBUY (1).xlsx,we buy houses south bend indiana,140.0,13,25.39,T,False
USHOMEBUY (1).xlsx,we buy houses wichita ks,140.0,13,40.93,T,False
USHOMEBUY (3).xlsx,we buy houses for cash columbia sc,140.0,14,52.64,C,False
USHOMEBUY (3).xlsx,sell my house fast sacramento california,140.0,14,22.73,C,False
USHOMEBUY (1).xlsx,can i sell my house while in forbearance,140.0,14,0.0,I,False
USHOMEBUY (1).xlsx,casas en venta en detroit,140.0,14,0.3,C,True
USHOMEBUY (1).xlsx,cuanto cobra un realtor por vender una casa,140.0,14,2.69,I,True
USHOMEBUY (1).xlsx,encroachment real estate definition,140.0,14,0.03,I,True
USHOMEBUY (1).xlsx,homeadvisor popcorn ceiling removal cost per square foot 2025,140.0,14,0.0,I,True
USHOMEBUY (1).xlsx,homes for sale yoder colorado,140.0,14,0.35,T,True
USHOMEBUY (1).xlsx,how to increase home value for appraisal,140.0,14,4.63,I,True
USHOMEBUY (1).xlsx,lakeside on preston plano tx,140.0,14,0.67,I,True
USHOMEBUY (1).xlsx,market value vs appraised value for property taxes,140.0,14,1.51,C,True
USHOMEBUY (1).xlsx,sell my house charleston,140.0,14,0.0,C,False
USHOMEBUY (1).xlsx,we buy houses beaumont tx,140.0,14,0.0,I,False
USHOMEBUY (1).xlsx,we buy houses concord,140.0,14,0.0,T,False
USHOMEBUY (1).xlsx,we buy houses dearborn,140.0,14,23.91,T,True
USHOMEBUY (1).xlsx,we buy houses lancaster,140.0,14,23.11,T,False
USHOMEBUY (1).xlsx,we buy houses midland tx,140.0,14,0.0,T,False
USHOMEBUY (1).xlsx,we buy houses smyrna,140.0,14,0.0,T,False
USHOMEBUY (3).xlsx,we buy houses cash baltimore,140.0,15,10.42,T,True
USHOMEBUY (1).xlsx,how to sell a house by owner in west virginia,140.0,15,0.0,I,True
USHOMEBUY (1).xlsx,meaning of under contract in real estate,140.0,15,0.0,C,True
USHOMEBUY (1).xlsx,sell my house fast frederick md,140.0,15,33.57,C,True
USHOMEBUY (1).xlsx,sell my house fast fresno ca,140.0,15,17.59,C,False
USHOMEBUY (1).xlsx,valentine day at home ideas,140.0,15,0.0,I,True
USHOMEBUY (1).xlsx,vanessita nudes,140.0,15,0.0,I,True
USHOMEBUY (1).xlsx,we buy houses aurora co,140.0,15,57.0,T,False
USHOMEBUY (1).xlsx,we buy houses aurora il,140.0,15,0.0,I,False
USHOMEBUY (1).xlsx,we buy houses in lakeland,140.0,15,27.92,T,False
USHOMEBUY (1).xlsx,we buy houses joliet,140.0,15,0.0,C,False
USHOMEBUY (1).xlsx,we buy houses lakeland,140.0,15,34.87,T,False
USHOMEBUY (1).xlsx,what improvements increase home value,140.0,15,0.31,I,True
USHOMEBUY (1).xlsx,what will fail a va home inspection,140.0,15,2.02,I,True
USHOMEBUY (3).xlsx,sell my house for cash louisville,140.0,16,42.78,C,False
USHOMEBUY (3).xlsx,sell my house fast columbia,140.0,16,59.58,C,False
USHOMEBUY (1).xlsx,albuquerque homes for sale under $200k,140.0,16,0.46,T,True
USHOMEBUY (1).xlsx,home valentines day ideas,140.0,16,0.0,I,True
USHOMEBUY (1).xlsx,homes for sale in baltimore 21239,140.0,16,0.34,T,True
USHOMEBUY (1).xlsx,houses for sale in wendover nevada,140.0,16,0.33,T,True
USHOMEBUY (1).xlsx,houses for sale in wendover nv,140.0,16,0.33,T,True
USHOMEBUY (1).xlsx,is assessed value the same as market value,140.0,16,0.93,I,True
USHOMEBUY (1).xlsx,navajo circle,140.0,16,0.0,I,True
USHOMEBUY (1).xlsx,net listing real estate definition,140.0,16,0.0,I,True
USHOMEBUY (1).xlsx,property valuation report,140.0,16,2.97,I,True
USHOMEBUY (1).xlsx,raleigh zip code downtown,140.0,16,0.0,I,True
USHOMEBUY (1).xlsx,va loan requirements inspection,140.0,16,0.94,I,True
USHOMEBUY (1).xlsx,we buy houses dayton,140.0,16,28.98,T,False
USHOMEBUY (1).xlsx,we buy houses in tacoma,140.0,16,16.58,T,False
USHOMEBUY (1).xlsx,we buy houses odessa tx,140.0,16,0.0,T,True
USHOMEBUY (1).xlsx,we buy houses pembroke pines,140.0,16,0.0,C,False
USHOMEBUY (1).xlsx,what does appraised value mean,140.0,16,1.4,I,True
USHOMEBUY (1).xlsx,what does under contract mean for a house,140.0,16,0.02,C,True
USHOMEBUY (2).xlsx,maryland homeowners assistance fund,140.0,17,3.01,I,True
USHOMEBUY (2).xlsx,va loan limits san diego,140.0,17,4.96,I,True
USHOMEBUY (1).xlsx,how do i get a house condemned,140.0,17,6.32,I,True
USHOMEBUY (1).xlsx,how do you condemn a house,140.0,17,0.0,I,True
USHOMEBUY (1).xlsx,preston tx zip code,140.0,17,0.28,I,True
USHOMEBUY (1).xlsx,under contract op,140.0,17,0.0,I,True
USHOMEBUY (1).xlsx,under contract op meaning,140.0,17,0.0,I,True
USHOMEBUY (1).xlsx,we buy houses brooklyn,140.0,17,0.0,C,False
USHOMEBUY (1).xlsx,we buy houses norfolk va,140.0,17,0.0,C,True
USHOMEBUY (1).xlsx,when do i get the deed to my house,140.0,17,2.06,I,True
USHOMEBUY (1).xlsx,zip code silver lake los angeles,140.0,17,0.0,I,True
USHOMEBUY (2).xlsx,we buy houses in virginia beach,140.0,18,0.0,T,True
USHOMEBUY (2).xlsx,police auctions maryland,140.0,18,0.18,C,True
USHOMEBUY (3).xlsx,we buy houses cash california,140.0,18,0.0,C,False
USHOMEBUY (3).xlsx,sell my houses fast dayton oh,140.0,18,0.0,T,False
USHOMEBUY (3).xlsx,cash for houses baltimore,140.0,18,0.0,C,True
USHOMEBUY (3).xlsx,sell my house fast raleigh,140.0,18,15.74,C,False
USHOMEBUY (1).xlsx,5 advantages of owning a house,140.0,18,0.0,I,True
USHOMEBUY (1).xlsx,can you buy a house under an llc,140.0,18,1.9,I,True
USHOMEBUY (1).xlsx,definition market value real estate,140.0,18,0.52,I,True
USHOMEBUY (1).xlsx,does an inground pool add value to a home,140.0,18,0.86,I,True
USHOMEBUY (1).xlsx,henderson ave dallas tx,140.0,18,0.0,I,True
USHOMEBUY (1).xlsx,how much to paint the outside of a house,140.0,18,3.4,I,True
USHOMEBUY (1).xlsx,how to determine selling price,140.0,18,2.81,I,True
USHOMEBUY (1).xlsx,north raleigh boulevard,140.0,18,0.0,I,True
USHOMEBUY (1).xlsx,sell my house fast natomas,140.0,18,28.42,C,False
USHOMEBUY (1).xlsx,sell my house in san antonio,140.0,18,30.66,I,False
USHOMEBUY (1).xlsx,va loan inspection guidelines,140.0,18,0.94,I,True
USHOMEBUY (1).xlsx,we buy houses akron ohio,140.0,18,44.87,T,False
USHOMEBUY (1).xlsx,we buy houses asheville,140.0,18,0.0,T,False
USHOMEBUY (1).xlsx,we buy houses augusta,140.0,18,15.1,T,False
USHOMEBUY (1).xlsx,we buy houses in oklahoma,140.0,18,37.56,T,False
USHOMEBUY (1).xlsx,we buy houses raleigh nc,140.0,18,39.29,C,False
USHOMEBUY (1).xlsx,we buy houses salt lake city utah,140.0,18,78.98,T,False
USHOMEBUY (1).xlsx,zip code uptown dallas,140.0,18,0.0,C I,True
USHOMEBUY (2).xlsx,sell my house fast delaware,140.0,19,0.0,C,True
USHOMEBUY (2).xlsx,sell my house fast virginia beach va,140.0,19,0.0,I C,True
USHOMEBUY (3).xlsx,cash home buyers detroit,140.0,19,33.8,C,True
USHOMEBUY (3).xlsx,sell my house fast huntsville,140.0,19,10.03,C,False
USHOMEBUY (1).xlsx,define contingent offer,140.0,19,0.05,C I,True
USHOMEBUY (1).xlsx,does a new roof add value to a home,140.0,19,1.18,I,True
USHOMEBUY (1).xlsx,future home value estimator,140.0,19,2.61,C,True
USHOMEBUY (1).xlsx,henderson ave dallas,140.0,19,0.0,I,True
USHOMEBUY (1).xlsx,olde providence north charlotte nc,140.0,19,0.0,I,True
USHOMEBUY (1).xlsx,sell my house fast in minneapolis,140.0,19,28.5,C,False
USHOMEBUY (1).xlsx,sell my house fast richmond,140.0,19,23.33,C,True
USHOMEBUY (1).xlsx,we buy houses in utah,140.0,19,0.0,T,False
USHOMEBUY (1).xlsx,we buy houses killeen texas,140.0,19,18.68,T,False
USHOMEBUY (1).xlsx,we buy houses miami fl,140.0,19,14.99,T,False
USHOMEBUY (1).xlsx,we buy houses san francisco ca,140.0,19,0.0,T,False
USHOMEBUY (3).xlsx,sell my house fast in san diego,140.0,20,67.23,C,False
USHOMEBUY (3).xlsx,sell my house fast birmingham al,140.0,20,19.79,C,False
USHOMEBUY (1).xlsx,assessed value definition,140.0,20,0.06,I,True
USHOMEBUY (1).xlsx,cash deal,140.0,20,11.56,I,True
USHOMEBUY (1).xlsx,delta junction alaska real estate,140.0,20,0.3,C,True
USHOMEBUY (1).xlsx,does finishing a basement add value,140.0,20,0.0,I,True
USHOMEBUY (1).xlsx,homes for sale in west wendover nv,140.0,20,0.33,T,True
USHOMEBUY (1).xlsx,homes for sale wardensville west virginia,140.0,20,0.32,T,True
USHOMEBUY (1).xlsx,los feliz ca zip code,140.0,20,0.0,I,True
USHOMEBUY (1).xlsx,myers park zip code charlotte,140.0,20,0.0,C I,True
USHOMEBUY (1).xlsx,nolo's essential guide to buying your first home,140.0,20,0.83,I T,True
USHOMEBUY (1).xlsx,open houses in va beach,140.0,20,0.63,I,True
USHOMEBUY (1).xlsx,uptown dallas tx zip code,140.0,20,0.0,I,True
USHOMEBUY (1).xlsx,we buy homes michigan,140.0,20,20.07,T,False
USHOMEBUY (1).xlsx,what does it mean when property is under contract,140.0,20,0.0,I,True
USHOMEBUY (1).xlsx,zip code for myers park charlotte nc,140.0,20,0.0,I,True
USHOMEBUY (1).xlsx,zip code for noda charlotte nc,140.0,20,0.0,I,True
USHOMEBUY (3).xlsx,we buy houses fast sacramento,140.0,21,41.05,C,False
USHOMEBUY (3).xlsx,sell my house fast tn,140.0,21,20.24,C,False
USHOMEBUY (1).xlsx,additional room ideas,140.0,21,1.43,I,True
USHOMEBUY (1).xlsx,do pools increase value of home,140.0,21,0.77,C I,True
USHOMEBUY (1).xlsx,how much does adding a bedroom increase home value,140.0,21,1.25,I,True
USHOMEBUY (1).xlsx,north wendover road,140.0,21,0.0,I,True
USHOMEBUY (1).xlsx,ownerly home value,140.0,21,8.14,I N,True
USHOMEBUY (1).xlsx,sell my house arkansas,140.0,21,0.0,I,False
USHOMEBUY (1).xlsx,sell my house fast huntsville al,140.0,21,0.0,C,False
USHOMEBUY (1).xlsx,we buy houses akron,140.0,21,44.87,T,False
USHOMEBUY (1).xlsx,we buy houses deerfield beach,140.0,21,0.0,T,True
USHOMEBUY (1).xlsx,we buy houses detroit michigan,140.0,21,23.91,T,True
USHOMEBUY (1).xlsx,we buy houses fort wayne,140.0,21,15.56,T,False
USHOMEBUY (1).xlsx,we buy houses in wilmington,140.0,21,0.0,T,True
USHOMEBUY (2).xlsx,sell house for cash maryland,140.0,22,0.0,C,True
USHOMEBUY (2).xlsx,va loan limit san diego,140.0,22,4.75,I,True
USHOMEBUY (2).xlsx,maryland window replacement program,140.0,22,8.38,I,True
USHOMEBUY (3).xlsx,we buy houses for cash tampa,140.0,22,0.0,T,False
USHOMEBUY (3).xlsx,sell my house fast san diego ca,140.0,22,53.8,C,False
USHOMEBUY (1).xlsx,arlington heights fort worth tx homes for sale,140.0,22,0.32,T,True
USHOMEBUY (1).xlsx,do pools increase home value,140.0,22,0.77,I,True
USHOMEBUY (1).xlsx,providence road charlotte nc,140.0,22,0.0,I,True
USHOMEBUY (1).xlsx,should i sell my house now or wait until 2026,140.0,22,11.15,I,False
USHOMEBUY (1).xlsx,va mortgage inspection,140.0,22,2.3,I,True
USHOMEBUY (1).xlsx,we buy homes austin,140.0,22,0.0,T,False
USHOMEBUY (1).xlsx,we buy houses cincinnati oh,140.0,22,52.45,C,False
USHOMEBUY (1).xlsx,zip code ballantyne nc,140.0,22,0.0,C I,True
USHOMEBUY (2).xlsx,how to assume a va home loan,140.0,23,0.9,I,True
USHOMEBUY (3).xlsx,cash home buyers in detroit,140.0,23,0.0,C,True
USHOMEBUY (3).xlsx,sell my house fast los angeles california,140.0,23,18.72,C,False
USHOMEBUY (3).xlsx,sell my house fast in sacramento,140.0,23,15.79,C,False
USHOMEBUY (1).xlsx,at home valentines day ideas,140.0,23,0.0,I,True
USHOMEBUY (1).xlsx,buy sell trade dothan alabama,140.0,23,0.0,T,True
USHOMEBUY (1).xlsx,condemned house sign,140.0,23,0.0,I,True
USHOMEBUY (1).xlsx,estimate future home value,140.0,23,3.33,I,True
USHOMEBUY (1).xlsx,home condemned,140.0,23,0.0,I,True
USHOMEBUY (1).xlsx,silver lake la zip code,140.0,23,0.0,I,True
USHOMEBUY (1).xlsx,we buy homes nj,140.0,23,0.0,T,False
USHOMEBUY (1).xlsx,we buy houses cleveland ohio,140.0,23,18.41,I,False
USHOMEBUY (1).xlsx,we value bloomington,140.0,23,0.0,C,True
USHOMEBUY (1).xlsx,what is a deed of trust on a property,140.0,23,0.72,I,True
USHOMEBUY (1).xlsx,what makes property value increase,140.0,23,0.0,I,True
USHOMEBUY (1).xlsx,zip code for uptown charlotte nc,140.0,23,0.0,I,True
USHOMEBUY (3).xlsx,sell my house fast chattanooga,140.0,24,20.5,C,False
USHOMEBUY (1).xlsx,casas de venta en charlotte nc 28215,140.0,24,0.14,C,True
USHOMEBUY (1).xlsx,home remodeling ideas on a budget,140.0,24,2.73,I,True
USHOMEBUY (1).xlsx,house traders,140.0,24,3.38,I,True
USHOMEBUY (1).xlsx,sell my house for cash sacramento,140.0,24,26.64,C,False
USHOMEBUY (1).xlsx,the point at deerfield apartments plano tx,140.0,24,0.0,N,True
USHOMEBUY (1).xlsx,we buy homes tampa,140.0,24,57.58,T,False
USHOMEBUY (1).xlsx,we buy houses boston,140.0,24,0.0,C,False
USHOMEBUY (1).xlsx,we buy houses fort lauderdale fl,140.0,24,0.0,T,True
USHOMEBUY (1).xlsx,we buy houses in charlotte,140.0,24,25.04,T,False
USHOMEBUY (1).xlsx,we buy houses in omaha,140.0,24,23.91,C,False
USHOMEBUY (1).xlsx,what does deed of trust mean,140.0,24,0.54,I,True
USHOMEBUY (2).xlsx,va loan limits per county,140.0,25,3.31,I,True
USHOMEBUY (3).xlsx,sell my house fast in st louis,140.0,25,15.84,C,False
USHOMEBUY (1).xlsx,dilworth charlotte nc zip code,140.0,25,0.0,C,True
USHOMEBUY (1).xlsx,does a new roof add value to a house,140.0,25,1.18,I,True
USHOMEBUY (1).xlsx,downtown charlotte north carolina zip code,140.0,25,0.0,I,True
USHOMEBUY (1).xlsx,we buy houses huntsville,140.0,25,13.36,T,False
USHOMEBUY (1).xlsx,we buy houses new orleans,140.0,25,11.01,T,False
USHOMEBUY (3).xlsx,we buy houses cash long island,140.0,26,20.52,T,False
USHOMEBUY (1).xlsx,average time on market by zip code,140.0,26,1.46,I,True
USHOMEBUY (1).xlsx,beazer rancho cordova,140.0,26,2.86,N,True
USHOMEBUY (1).xlsx,casa en venta en pennsylvania,140.0,26,0.21,C,True
USHOMEBUY (1).xlsx,hoa dues definition,140.0,26,0.0,I,True
USHOMEBUY (1).xlsx,open houses richmond va,140.0,26,0.57,I,True
USHOMEBUY (1).xlsx,sell my house jacksonville fl,140.0,26,86.47,C,False
USHOMEBUY (1).xlsx,selling your home privately,140.0,26,12.53,I,True
USHOMEBUY (1).xlsx,selling your house privately,140.0,26,12.53,I,True
USHOMEBUY (1).xlsx,taking house off market when selling privately,140.0,26,0.0,I,True
USHOMEBUY (1).xlsx,we buy houses ga,140.0,26,34.44,C,False
USHOMEBUY (1).xlsx,we buy old houses,140.0,26,43.07,T,False
USHOMEBUY (1).xlsx,what does it means when a house is under contract,140.0,26,0.02,C,True
USHOMEBUY (3).xlsx,sell my house fast las vegas nevada,140.0,27,29.16,C,True
USHOMEBUY (1).xlsx,do inground pools increase the value of a home,140.0,27,0.77,I,True
USHOMEBUY (1).xlsx,does an appraiser go inside the house,140.0,27,15.8,I,True
USHOMEBUY (1).xlsx,henderson dallas,140.0,27,0.0,I,True
USHOMEBUY (1).xlsx,how to sell your house privately,140.0,27,11.57,I,True
USHOMEBUY (1).xlsx,i want to sell my house as is,140.0,27,54.91,I,False
USHOMEBUY (1).xlsx,providence charlotte nc,140.0,27,0.0,I,True
USHOMEBUY (1).xlsx,va house inspection,140.0,27,1.43,I,True
USHOMEBUY (1).xlsx,we buy houses jacksonville fl agape home buyers,140.0,27,0.0,T,False
USHOMEBUY (2).xlsx,foreclosed houses for sale maryland,140.0,28,0.31,T,True
USHOMEBUY (2).xlsx,abandoned homes for sale cheap in md,140.0,28,0.21,T,True
USHOMEBUY (3).xlsx,sell my house fast st louis mo,140.0,28,15.84,C,False
USHOMEBUY (1).xlsx,casas en venta en pensilvania,140.0,28,0.21,C,True
USHOMEBUY (1).xlsx,condemned building meaning,140.0,28,0.0,I,True
USHOMEBUY (1).xlsx,is a duplex considered a single family home,140.0,28,0.0,I,True
USHOMEBUY (1).xlsx,want sell my house,140.0,28,81.95,I,False
USHOMEBUY (1).xlsx,we buy houses cash kc,140.0,28,57.71,T,False
USHOMEBUY (1).xlsx,we buy houses southern california,140.0,28,0.0,T,False
USHOMEBUY (1).xlsx,we buy ugly houses and homevestors reviews,140.0,28,23.23,C,False
USHOMEBUY (1).xlsx,boost home value,140.0,29,1.3,I,True
USHOMEBUY (1).xlsx,condemning a house,140.0,29,0.0,I,True
USHOMEBUY (1).xlsx,how to assess fair market value,140.0,29,1.81,I,True
USHOMEBUY (1).xlsx,los feliz los angeles zip code,140.0,29,0.0,I,True
USHOMEBUY (1).xlsx,projected home value calculator,140.0,29,2.52,I,True
USHOMEBUY (1).xlsx,reviews for we buy ugly houses,140.0,29,24.64,C,False
USHOMEBUY (1).xlsx,sell my house fast colorado springs co,140.0,29,0.0,C,False
USHOMEBUY (1).xlsx,valuator,140.0,29,8.4,I,True
USHOMEBUY (1).xlsx,we buy houses az,140.0,29,31.77,T,False
USHOMEBUY (1).xlsx,we buy houses south florida,140.0,29,0.0,C,False
USHOMEBUY (1).xlsx,what is included in closing costs for seller,140.0,29,1.22,I,True
USHOMEBUY (1).xlsx,when is pmi needed,140.0,29,0.45,I,True
USHOMEBUY (2).xlsx,sell fire damaged house virginia,110.0,0,0.0,I C,True
USHOMEBUY (2).xlsx,buy my house fast hampton va,110.0,0,0.0,T,True
USHOMEBUY (3).xlsx,sell my house fast lincoln,110.0,0,28.26,C,False
USHOMEBUY (3).xlsx,sell my house fast homestead,110.0,0,0.0,C,False
USHOMEBUY (3).xlsx,sell my house fast west valley city,110.0,0,0.0,C,True
USHOMEBUY (1).xlsx,2024 wardrobe design color trends market analysis,110.0,0,0.0,I,True
USHOMEBUY (1).xlsx,arcadia zip codes phoenix,110.0,0,0.0,I,True
USHOMEBUY (2).xlsx,va eligible homes for sale,110.0,2,8.07,T,True
USHOMEBUY (1).xlsx,appraisal vs valuation,110.0,2,0.0,C,True
USHOMEBUY (1).xlsx,buy my house fast chesapeake va,110.0,2,0.0,T,True
USHOMEBUY (1).xlsx,common house spiders in tennessee,110.0,2,0.05,I,True
USHOMEBUY (2).xlsx,sell fire damaged house maryland,110.0,3,0.0,C,True
USHOMEBUY (2).xlsx,best way to sell house fast virginia beach,110.0,3,0.0,C,True
USHOMEBUY (3).xlsx,sell my house fast deltona,110.0,3,32.49,I C,True
USHOMEBUY (1).xlsx,brown spiders in tn,110.0,3,0.0,I,True
USHOMEBUY (1).xlsx,does type of utilities affect property values,110.0,3,0.0,I,True
USHOMEBUY (1).xlsx,first-time homeowner essentials denver,110.0,3,0.0,I,True
USHOMEBUY (2).xlsx,sell my house for cash virginia,110.0,4,0.0,I,True
USHOMEBUY (3).xlsx,sell my house fast fairfield,110.0,5,8.52,C,False
USHOMEBUY (1).xlsx,cash home buyers vancouver,110.0,5,0.0,C,True
USHOMEBUY (3).xlsx,sell my house fast topeka,110.0,6,0.0,C,False
USHOMEBUY (3).xlsx,sell my house fast st petersburg fl,110.0,6,6.45,C,False
USHOMEBUY (2).xlsx,auction homes in maryland,110.0,7,0.48,C,True
USHOMEBUY (1).xlsx,arcadia zipcode,110.0,7,0.0,I,True
USHOMEBUY (1).xlsx,home renovation industry working capital needs,110.0,7,0.0,I,True
USHOMEBUY (3).xlsx,sell my house fast san francisco ca,110.0,8,0.0,C,False
USHOMEBUY (1).xlsx,can i sell my house if it is in foreclosure,110.0,8,19.88,I,False
USHOMEBUY (1).xlsx,does a fence increase home value,110.0,8,0.0,I,True
USHOMEBUY (2).xlsx,how to sell a house by owner in virginia,110.0,9,4.7,I,True
USHOMEBUY (2).xlsx,land auction maryland,110.0,9,0.3,C,True
USHOMEBUY (1).xlsx,home renovation products services unique value proposition,110.0,9,0.0,I,True
USHOMEBUY (2).xlsx,buy my house fast virginia beach va,110.0,10,2.95,T,True
USHOMEBUY (2).xlsx,buy my house quickly virginia beach,110.0,10,0.0,T,True
USHOMEBUY (2).xlsx,mortgage calculator west virginia,110.0,10,0.76,I,True
MissingUSHOMEBUY.xlsx,sell my house fast katy tx,110.0,10,0.0,C,False
USHOMEBUY (1).xlsx,cash home buyers in richmond,110.0,10,0.0,C,True
USHOMEBUY (2).xlsx,sell fire damaged house west virginia,110.0,11,0.0,C,True
USHOMEBUY (2).xlsx,cash buyers in baltimore md,110.0,11,0.0,C,True
USHOMEBUY (2).xlsx,sell my house fast vinton va,110.0,11,0.0,I,True
USHOMEBUY (2).xlsx,sell my house fast va,110.0,11,38.4,C,True
USHOMEBUY (3).xlsx,cash home buyers baltimore,110.0,11,52.18,C,True
USHOMEBUY (3).xlsx,sell my house fast in miami,110.0,11,17.13,C,False
USHOMEBUY (2).xlsx,foreclosures in virginia beach va,110.0,12,0.49,C,True
USHOMEBUY (3).xlsx,sell my house fast raleigh nc,110.0,12,15.74,C,False
USHOMEBUY (3).xlsx,sell my house fast spokane wa,110.0,12,11.14,C,False
USHOMEBUY (1).xlsx,big spiders in tn,110.0,12,0.0,I,True
USHOMEBUY (1).xlsx,does crown molding increase home value,110.0,12,0.0,I,True
USHOMEBUY (1).xlsx,du approval,110.0,12,0.0,I,True
USHOMEBUY (3).xlsx,sell my house for cash seattle,110.0,13,0.0,C,False
USHOMEBUY (3).xlsx,sell your house fast baltimore,110.0,13,0.0,C,True
USHOMEBUY (3).xlsx,sell my house fast south florida,110.0,13,0.0,C,False
USHOMEBUY (1).xlsx,4622 creek side dr flowery branch ga 30542,110.0,13,0.0,I,True
USHOMEBUY (1).xlsx,are attorney fees included in closing costs,110.0,13,0.0,I,True
USHOMEBUY (1).xlsx,fha loan home inspection guidelines,110.0,13,0.78,I,True
USHOMEBUY (2).xlsx,we buy houses in baltimore md,110.0,14,0.0,T,True
USHOMEBUY (2).xlsx,selling a house as is in maryland,110.0,14,11.04,I,True
USHOMEBUY (2).xlsx,selling a house in virginia,110.0,14,13.77,I,True
USHOMEBUY (3).xlsx,sell my house for cash dallas,110.0,14,9.61,C,False
USHOMEBUY (3).xlsx,sell my house fast dayton,110.0,14,11.08,C,False
USHOMEBUY (1).xlsx,concessions definition real estate,110.0,14,0.03,I,True
USHOMEBUY (1).xlsx,home finders network,110.0,14,5.74,C,True
USHOMEBUY (3).xlsx,sell my house fast detroit mi,110.0,15,0.0,C,True
USHOMEBUY (3).xlsx,sell my house for cash fort worth,110.0,15,53.22,C,False
USHOMEBUY (3).xlsx,sell my house fast detroit michigan,110.0,15,0.0,C,True
USHOMEBUY (3).xlsx,sell my house for cash nashville,110.0,15,0.0,C,False
USHOMEBUY (3).xlsx,sell my house fast cincinnati ohio,110.0,15,0.0,C,False
USHOMEBUY (3).xlsx,sell my house fast surprise arizona,110.0,15,33.76,I C,False
USHOMEBUY (1).xlsx,arcadia zip code az,110.0,15,0.0,C I,True
USHOMEBUY (1).xlsx,can a house under contract fall through,110.0,15,0.0,I,True
USHOMEBUY (2).xlsx,buying a foreclosed home with va loan,110.0,16,5.59,I,True
USHOMEBUY (2).xlsx,how much are closing costs in md,110.0,16,3.52,I,True
USHOMEBUY (3).xlsx,cash home buyers in washington,110.0,16,3.09,C,True
USHOMEBUY (3).xlsx,sell my house fast louisiana,110.0,16,33.09,C,False
USHOMEBUY (3).xlsx,sell my house fast connecticut,110.0,16,9.97,C,False
USHOMEBUY (3).xlsx,cash home buyers in wilmington,110.0,16,0.0,C,True
USHOMEBUY (1).xlsx,bank appraisal vs market value,110.0,16,0.0,C,True
USHOMEBUY (1).xlsx,does under contract mean sold,110.0,16,0.0,C,True
USHOMEBUY (1).xlsx,duplex for sale virginia beach va,110.0,16,0.66,T,True
USHOMEBUY (2).xlsx,we buy houses delaware,110.0,17,30.65,T,True
USHOMEBUY (2).xlsx,stop foreclosure virginia,110.0,17,0.0,I,True
USHOMEBUY (2).xlsx,average closing costs in va,110.0,17,4.03,I,True
USHOMEBUY (2).xlsx,foreclosure homes in chesapeake va,110.0,17,0.52,C,True
USHOMEBUY (3).xlsx,sell my house fast miami florida,110.0,17,17.13,C,False
USHOMEBUY (1).xlsx,are stairs included in square footage,110.0,17,0.0,I,True
USHOMEBUY (1).xlsx,capitol hill seattle wa zip code,110.0,17,0.0,C I,True
USHOMEBUY (1).xlsx,define market value in real estate,110.0,17,0.0,I,True
USHOMEBUY (1).xlsx,do pools add value to a home,110.0,17,0.15,I,True
USHOMEBUY (1).xlsx,esen development,110.0,17,0.0,I,True
USHOMEBUY (2).xlsx,buy my house virginia,110.0,18,0.0,C,True
USHOMEBUY (2).xlsx,abandoned homes in virginia,110.0,18,0.45,I,True
USHOMEBUY (3).xlsx,sell my house fast boise,110.0,18,0.0,C,False
USHOMEBUY (3).xlsx,sell my house for cash cincinnati,110.0,18,19.34,C,False
USHOMEBUY (1).xlsx,building condemned,110.0,18,0.0,I,True
USHOMEBUY (2).xlsx,sell my house in maryland,110.0,19,62.23,I,True
USHOMEBUY (3).xlsx,sell my house fast indianapolis indiana,110.0,19,21.54,C,False
USHOMEBUY (3).xlsx,sell my house for cash omaha,110.0,19,0.0,C,False
USHOMEBUY (3).xlsx,sell my house fast scottsdale,110.0,19,0.0,C,False
USHOMEBUY (1).xlsx,buy sell and trade dothan alabama,110.0,19,0.0,T,True
USHOMEBUY (1).xlsx,cash out refinance for home renovation,110.0,19,11.22,I,True
USHOMEBUY (2).xlsx,stop foreclosure maryland,110.0,20,9.89,I,True
USHOMEBUY (2).xlsx,can you purchase a foreclosure with a va loan,110.0,20,4.75,I,True
USHOMEBUY (2).xlsx,virginia mortgage relief program,110.0,20,4.03,I,True
USHOMEBUY (3).xlsx,sell my house for cash texas,110.0,20,69.84,C,False
USHOMEBUY (3).xlsx,sell my house fast in houston texas,110.0,20,23.42,C,False
USHOMEBUY (1).xlsx,are realtors fees included in closing costs,110.0,20,1.37,I,True
USHOMEBUY (1).xlsx,companies that buy houses in washington,110.0,20,0.0,T,True
USHOMEBUY (2).xlsx,cash for houses maryland,110.0,21,34.97,C,True
USHOMEBUY (3).xlsx,we buy houses for cash indianapolis,110.0,21,0.0,C,False
USHOMEBUY (3).xlsx,sell my house fast north new jersey,110.0,21,0.0,I C,False
USHOMEBUY (1).xlsx,condemned sign on house,110.0,21,0.0,I,True
USHOMEBUY (1).xlsx,do fences add value to a home,110.0,21,0.0,I,True
USHOMEBUY (1).xlsx,henderson dallas texas,110.0,21,0.0,I,True
USHOMEBUY (2).xlsx,foreclosed homes in virginia,110.0,22,0.28,C,True
USHOMEBUY (3).xlsx,sell my house fast chattanooga tn,110.0,22,0.0,C,False
USHOMEBUY (3).xlsx,sell my house fast in arizona,110.0,22,33.76,C,False
USHOMEBUY (1).xlsx,casa one residential,110.0,22,6.0,N,True
USHOMEBUY (2).xlsx,va loan limits maryland,110.0,23,5.08,I,True
USHOMEBUY (2).xlsx,maryland free window replacement program,110.0,23,5.84,I,True
USHOMEBUY (2).xlsx,va assumable loan listings,110.0,23,3.53,I,True
USHOMEBUY (3).xlsx,sell my house fast sale,110.0,23,32.49,T,False
MissingUSHOMEBUY.xlsx,sell my house dallas tx,110.0,23,23.7,I,False
USHOMEBUY (1).xlsx,charlotte nc downtown zip code,110.0,23,0.0,I,True
USHOMEBUY (1).xlsx,cma home value,110.0,23,2.96,I,True
USHOMEBUY (1).xlsx,contingent house sale definition,110.0,23,0.04,I,True
USHOMEBUY (2).xlsx,buys houses for cash in virginia,110.0,24,0.0,C,True
USHOMEBUY (3).xlsx,need to sell my house fast reviews,110.0,24,23.86,C,False
USHOMEBUY (3).xlsx,sell my house fast tampa florida,110.0,24,21.75,C,False
USHOMEBUY (2).xlsx,sell my house maryland,110.0,25,62.23,C,True
USHOMEBUY (3).xlsx,sell my house fast bay area,110.0,25,28.05,C,False
USHOMEBUY (3).xlsx,sell my house fast little rock ar,110.0,25,0.0,C,False
USHOMEBUY (1).xlsx,are realtor fees included in closing cost,110.0,25,1.37,I,True
USHOMEBUY (1).xlsx,casas de venta en carolina del norte,110.0,25,0.4,C,True
USHOMEBUY (1).xlsx,closing disclosure definition,110.0,25,0.01,I,True
USHOMEBUY (2).xlsx,cash buyers in virginia,110.0,26,0.0,C,True
USHOMEBUY (2).xlsx,md foreclosures listings,110.0,26,0.36,C,True
USHOMEBUY (2).xlsx,abandoned homes for sale cheap in virginia by owner,110.0,26,0.31,T,True
USHOMEBUY (2).xlsx,abandoned farms for sale in maryland,110.0,26,0.11,T,True
USHOMEBUY (3).xlsx,sell my house fast cash houston,110.0,26,35.22,C,False
USHOMEBUY (3).xlsx,sell my house fast chicagoland,110.0,26,30.0,C,False
USHOMEBUY (3).xlsx,sell my house fast dallas fort worth,110.0,26,10.6,C,False
USHOMEBUY (1).xlsx,do pools add value to your home,110.0,26,0.53,I,True
USHOMEBUY (1).xlsx,fair market value real estate,110.0,26,2.21,I,True
USHOMEBUY (2).xlsx,abandoned homes in virginia for sale,110.0,27,0.27,T,True
USHOMEBUY (3).xlsx,we buy houses for cash los angeles,110.0,27,32.4,T,False
USHOMEBUY (3).xlsx,sell my house fast for cash houston,110.0,27,35.22,C,False
USHOMEBUY (3).xlsx,sell my house fast in orlando,110.0,27,27.85,C,False
USHOMEBUY (3).xlsx,need to sell my house fast chicago,110.0,27,37.2,I C,False
USHOMEBUY (3).xlsx,sell my house for cash tampa,110.0,27,0.0,C,False
USHOMEBUY (1).xlsx,can't sell my house,110.0,27,20.62,I,False
USHOMEBUY (1).xlsx,are reverse mortgages available in all states,110.0,28,0.0,I,True
USHOMEBUY (1).xlsx,capitol hill wa zip code,110.0,28,0.0,I,True
USHOMEBUY (1).xlsx,cash for houses philadelphia,110.0,28,0.0,C,True
USHOMEBUY (2).xlsx,how to sell my house in maryland,90.0,0,0.0,I,True
USHOMEBUY (3).xlsx,sell my house fast for cash in passaic county nj,90.0,0,0.0,C,False
USHOMEBUY (3).xlsx,sell my house fast new haven,90.0,0,13.25,C,False
USHOMEBUY (3).xlsx,sell my house fast olathe ks,90.0,0,0.0,C,False
USHOMEBUY (3).xlsx,sell my house fast richland,90.0,0,0.0,I C,False
USHOMEBUY (2).xlsx,we buy houses in northern virginia,90.0,1,0.0,C,True
USHOMEBUY (2).xlsx,can non veterans assume a va loan,90.0,2,0.62,I,True
USHOMEBUY (3).xlsx,sell my house fast fountain hills arizona,90.0,2,0.0,I C,False
USHOMEBUY (3).xlsx,sell my house fast provo,90.0,3,69.15,C,False
USHOMEBUY (3).xlsx,sell my house fast willingboro,90.0,3,0.0,C,False
USHOMEBUY (3).xlsx,sell my house fast fort walton beach,90.0,3,0.0,C,False
USHOMEBUY (3).xlsx,sell my house fast lexington kentucky,90.0,4,0.0,C,False
USHOMEBUY (2).xlsx,que significa contingente en una casa de venta,90.0,5,0.0,I,True
USHOMEBUY (3).xlsx,sell my house fast panama city,90.0,5,12.74,C,False
USHOMEBUY (3).xlsx,sell my house fast antioch,90.0,5,0.0,C,False
USHOMEBUY (3).xlsx,sell my house fast franklin tn,90.0,5,11.94,C,False
USHOMEBUY (2).xlsx,sell my house fast virginia beach virginia,90.0,6,0.0,C,True
USHOMEBUY (3).xlsx,sell my house fast henderson nv,90.0,6,0.0,C,True
USHOMEBUY (3).xlsx,sell my house for cash clearwater fl,90.0,6,0.0,I C,False
USHOMEBUY (2).xlsx,sell my house fast in virginia,90.0,7,19.82,C,True
USHOMEBUY (3).xlsx,sell my house fast sc,90.0,7,34.78,C,False
USHOMEBUY (3).xlsx,sell my house fast leland nc,90.0,7,0.0,C,False
USHOMEBUY (2).xlsx,assuming a va loan after death,90.0,8,0.0,I,True
USHOMEBUY (3).xlsx,sell my house fast midland,90.0,8,0.0,C,False
USHOMEBUY (2).xlsx,owner financed land in west virginia,90.0,9,0.39,C,True
USHOMEBUY (3).xlsx,sell my house fast clearwater florida,90.0,9,0.0,C,False
USHOMEBUY (3).xlsx,sell my house for cash portland,90.0,10,0.0,I C,False
USHOMEBUY (3).xlsx,sell my house fast vermont,90.0,10,34.78,C,False
USHOMEBUY (2).xlsx,foreclosure attorney maryland,90.0,11,6.27,C,True
USHOMEBUY (3).xlsx,sell my house fast mercer county nj,90.0,11,0.0,C,False
USHOMEBUY (2).xlsx,closing costs maryland,90.0,12,2.52,I,True
USHOMEBUY (2).xlsx,foreclosures in norfolk va,90.0,12,0.43,C,True
USHOMEBUY (3).xlsx,sell my house fast charlotte north carolina,90.0,13,15.0,C,False
USHOMEBUY (2).xlsx,foreclosures chesapeake va,90.0,15,0.6,C,True
USHOMEBUY (2).xlsx,virginia beach foreclosures,90.0,15,0.56,C,True
USHOMEBUY (3).xlsx,cash home buyers henderson,90.0,15,34.7,C,True
USHOMEBUY (3).xlsx,sell my house fast new orleans,90.0,15,26.52,C,False
USHOMEBUY (3).xlsx,sell my house cash baltimore,90.0,15,42.78,C,True
USHOMEBUY (3).xlsx,sell my house fast in baltimore,90.0,15,22.21,C,True
USHOMEBUY (2).xlsx,sell house fast maryland,90.0,16,0.0,C,True
USHOMEBUY (2).xlsx,sell my house fast west virginia,90.0,16,18.61,C,True
USHOMEBUY (2).xlsx,sell my house fast northern virginia,90.0,16,0.0,C,True
USHOMEBUY (3).xlsx,sell my house fast in nashville,90.0,16,15.6,C,False
USHOMEBUY (2).xlsx,we buy houses virginia beach va,90.0,17,26.65,T,True
USHOMEBUY (2).xlsx,foreclosed homes chesapeake va,90.0,17,0.52,C,True
USHOMEBUY (2).xlsx,weatherization assistance program virginia,90.0,17,6.38,I,True
USHOMEBUY (2).xlsx,sell house in maryland,90.0,18,11.04,I,True
USHOMEBUY (3).xlsx,sell my house fast mississippi,90.0,18,0.0,C,False
USHOMEBUY (2).xlsx,we buy houses md,90.0,19,0.0,C,True
USHOMEBUY (2).xlsx,best cash home buyers for distressed properties virginia beach,90.0,19,0.0,C,True
USHOMEBUY (2).xlsx,foreclosure listings va,90.0,19,0.41,C,True
USHOMEBUY (2).xlsx,can you use a va home loan on a foreclosure,90.0,19,6.8,C,True
USHOMEBUY (3).xlsx,sell my house fast in atlanta ga,90.0,19,18.55,C,False
USHOMEBUY (3).xlsx,sell my house fast metro detroit mi,90.0,19,0.0,C,True
USHOMEBUY (3).xlsx,sell my house fast st pete,90.0,19,0.0,C,False
USHOMEBUY (3).xlsx,sell my house for cash jacksonville,90.0,19,0.0,C,False
USHOMEBUY (3).xlsx,sell my house fast scottsdale arizona,90.0,19,0.0,C,False
USHOMEBUY (3).xlsx,sell my house fast anthem arizona,90.0,19,0.0,I C,False
USHOMEBUY (2).xlsx,best cash home buyers in virginia,90.0,20,0.0,C,True
USHOMEBUY (2).xlsx,we buy houses va,90.0,20,0.0,C,True
USHOMEBUY (2).xlsx,virginia mortgage assistance,90.0,20,6.75,I,True
USHOMEBUY (3).xlsx,sell my house fast new hampshire,90.0,20,0.0,C,False
USHOMEBUY (3).xlsx,baltimore cash buyers,90.0,20,22.11,C,True
USHOMEBUY (1).xlsx,sell my house oklahoma city,90.0,20,0.0,C,False
USHOMEBUY (2).xlsx,cash home buyers in delaware,90.0,21,0.0,C,True
USHOMEBUY (2).xlsx,maryland cash buyers,90.0,21,18.55,C,True
USHOMEBUY (2).xlsx,west virginia land auctions,90.0,21,0.28,I,True
USHOMEBUY (3).xlsx,houston sell my house fast,90.0,21,0.0,C,False
USHOMEBUY (3).xlsx,sell my house fast new mexico,90.0,21,7.43,C,False
USHOMEBUY (3).xlsx,sell my house fast cleveland ohio,90.0,22,0.0,C,False
USHOMEBUY (3).xlsx,sell my house fast san diego california,90.0,22,53.8,C,False
USHOMEBUY (3).xlsx,sell my house fast tx,90.0,22,37.76,C,False
USHOMEBUY (3).xlsx,sell my house fast in philadelphia,90.0,22,24.07,C,True
USHOMEBUY (3).xlsx,sell your house fast philadelphia,90.0,22,24.07,C,True
USHOMEBUY (2).xlsx,foreclosure houses in virginia,90.0,23,0.47,C,True
USHOMEBUY (2).xlsx,virginia closing costs,90.0,23,3.16,I,True
USHOMEBUY (2).xlsx,bank owned homes for sale in maryland,90.0,23,0.42,T,True
USHOMEBUY (2).xlsx,maryland mortgage program income limits,90.0,23,2.89,I,True
USHOMEBUY (2).xlsx,can a non va assume a va loan,90.0,23,0.0,I,True
USHOMEBUY (3).xlsx,we buy houses cash austin,90.0,23,0.0,T,False
USHOMEBUY (3).xlsx,cash home buyers in washington dc,90.0,23,0.0,C,True
USHOMEBUY (3).xlsx,we buy houses cash orlando,90.0,23,0.0,C,False
USHOMEBUY (3).xlsx,sell my house for cash chattanooga,90.0,23,0.0,C,False
USHOMEBUY (2).xlsx,we buy houses west virginia,90.0,24,0.0,T,True
USHOMEBUY (2).xlsx,we buy houses roanoke va,90.0,24,38.99,T,True
USHOMEBUY (2).xlsx,va loan limit california,90.0,24,3.76,I,True
USHOMEBUY (2).xlsx,abandoned houses for sale in virginia,90.0,24,0.27,T,True
USHOMEBUY (2).xlsx,pmi va loan,90.0,24,6.99,I,True
USHOMEBUY (3).xlsx,sell my house cash houston,90.0,24,9.95,C,False
USHOMEBUY (2).xlsx,home foreclosures virginia,90.0,26,0.47,C,True
USHOMEBUY (2).xlsx,maryland windows replacement program,90.0,26,8.38,I,True
USHOMEBUY (3).xlsx,we buy homes for cash jacksonville,90.0,26,52.64,T,False
USHOMEBUY (3).xlsx,sell my house fast boise id,90.0,26,0.0,C,False
USHOMEBUY (2).xlsx,foreclosed homes for sale in md,90.0,27,0.34,T,True
USHOMEBUY (2).xlsx,can you transfer a va loan to another property,90.0,28,3.46,I,True
USHOMEBUY (3).xlsx,sell my house fast in memphis,90.0,28,18.3,C,False
USHOMEBUY (3).xlsx,sell my house fast philadelphia pa,90.0,28,20.52,C,True
USHOMEBUY (3).xlsx,sell my house as is st louis,90.0,28,0.0,I C,False
USHOMEBUY (2).xlsx,foreclosure homes va,90.0,29,0.41,C,True
USHOMEBUY (2).xlsx,casas de subasta,90.0,29,0.62,I,True
USHOMEBUY (2).xlsx,govdeals maryland,90.0,29,0.04,T N,True
USHOMEBUY (2).xlsx,free window replacement program virginia,90.0,29,3.36,I,True
USHOMEBUY (3).xlsx,sell my house fast jacksonville florida,90.0,29,14.25,C,False
USHOMEBUY (2).xlsx,sell house fast virginia beach,70.0,0,0.0,C,True
USHOMEBUY (2).xlsx,sell my house fast williamsburg va,70.0,0,15.71,I C,True
USHOMEBUY (3).xlsx,sell my house fast downers grove,70.0,0,0.0,C,False
USHOMEBUY (3).xlsx,sell my house fast burien,70.0,0,0.0,I C,False
USHOMEBUY (3).xlsx,sell my house fast for cash lincoln,70.0,0,38.4,I C,False
USHOMEBUY (3).xlsx,sell my house fast nampa,70.0,0,16.89,C,False
USHOMEBUY (3).xlsx,sell my house fast eastpointe mi,70.0,0,27.73,C,False
USHOMEBUY (3).xlsx,sell my house for cash granite bay ca,70.0,0,0.0,C,False
USHOMEBUY (3).xlsx,sell my house fast ferndale michigan,70.0,0,0.0,C,False
USHOMEBUY (3).xlsx,sell my house fast the woodlands tx,70.0,0,0.0,C,False
USHOMEBUY (2).xlsx,sell my house fast suffolk va,70.0,1,6.97,I C,True
USHOMEBUY (2).xlsx,va assumable loan san antonio,70.0,1,5.11,I,True
USHOMEBUY (3).xlsx,sell my house fast wayne county,70.0,1,0.0,C,False
USHOMEBUY (3).xlsx,sell my house fast burien washington,70.0,2,7.21,I C,True
USHOMEBUY (3).xlsx,sell my house fast nutley nj,70.0,2,6.97,C,False
USHOMEBUY (3).xlsx,sell my house fast collierville tn,70.0,2,20.24,I C,False
USHOMEBUY (3).xlsx,sell my house fast in clearwater fl,70.0,2,22.39,C,False
USHOMEBUY (3).xlsx,sell my house fast north richland hills,70.0,2,0.0,C,False
USHOMEBUY (3).xlsx,sell my house fast the woodlands,70.0,3,38.4,C,False
USHOMEBUY (3).xlsx,sell my house fast clemson sc,70.0,3,0.0,I C,False
USHOMEBUY (3).xlsx,sell my house fast volusia county,70.0,3,0.0,I C,False
USHOMEBUY (2).xlsx,sell my house fast columbia md,70.0,4,22.34,C,True
USHOMEBUY (3).xlsx,we buy houses for cash nassau county,70.0,4,0.0,T,False
USHOMEBUY (3).xlsx,sell my house fast madison wi,70.0,4,0.0,C,False
USHOMEBUY (2).xlsx,average closing costs in virginia,70.0,5,4.03,I,True
USHOMEBUY (2).xlsx,do va loans require escrow,70.0,5,2.33,I,True
USHOMEBUY (3).xlsx,sell my house fast martinsburg wv,70.0,5,0.0,C,False
USHOMEBUY (2).xlsx,how much commission does a realtor make in va,70.0,6,3.86,I,True
USHOMEBUY (2).xlsx,maryland closing costs,70.0,6,2.52,I,True
USHOMEBUY (3).xlsx,sell my house fast greenville nc,70.0,6,0.0,I C,False
USHOMEBUY (3).xlsx,sell my house for cash spokane,70.0,6,60.34,C,False
USHOMEBUY (2).xlsx,sell my house fast richmond virginia,70.0,7,0.0,C,True
USHOMEBUY (2).xlsx,foreclosure listings richmond va,70.0,7,0.3,C,True
USHOMEBUY (3).xlsx,sell my house fast peoria arizona,70.0,7,28.14,I C,False
USHOMEBUY (3).xlsx,cash home buyers in palmdale,70.0,7,0.0,T,True
USHOMEBUY (3).xlsx,need to sell my house fast houston,70.0,7,0.0,C,False
USHOMEBUY (3).xlsx,sell my house fast providence ri,70.0,7,0.0,C,True
USHOMEBUY (3).xlsx,sell my house fast middlesex county nj,70.0,7,9.97,C,False
USHOMEBUY (2).xlsx,foreclosures in alexandria va,70.0,8,0.42,C,True
USHOMEBUY (3).xlsx,sell my house fast knoxville tennessee,70.0,8,17.46,C,False
USHOMEBUY (2).xlsx,selling a house as is in virginia,70.0,9,17.0,I,True
USHOMEBUY (2).xlsx,buyers closing costs in west virginia,70.0,9,0.0,I,True
USHOMEBUY (3).xlsx,sell my house fast for cash clearwater fl,70.0,9,0.0,I C,False
USHOMEBUY (2).xlsx,cost of selling a house in maryland,70.0,10,0.0,I,True
USHOMEBUY (2).xlsx,foreclosure homes richmond va,70.0,10,0.42,C,True
USHOMEBUY (2).xlsx,foreclosure homes virginia beach,70.0,10,0.49,C,True
USHOMEBUY (2).xlsx,foreclosure listings norfolk va,70.0,10,0.7,C,True
USHOMEBUY (2).xlsx,richmond va foreclosures,70.0,10,0.42,C,True
USHOMEBUY (3).xlsx,we buy houses fast portland oregon,70.0,10,0.0,T,False
MissingUSHOMEBUY.xlsx,we buy houses cypress tx,70.0,10,0.0,I,False
USHOMEBUY (2).xlsx,how much is closing cost in maryland,70.0,11,3.52,I,True
USHOMEBUY (2).xlsx,avoid foreclosure sell house quickly virginia,70.0,11,0.0,I,True
USHOMEBUY (3).xlsx,sell my house fast nc,70.0,11,23.83,C,False
USHOMEBUY (3).xlsx,cash home buyers in rhode island,70.0,11,17.98,C,True
USHOMEBUY (3).xlsx,sell my house for cash greenville sc,70.0,11,53.22,C,False
USHOMEBUY (3).xlsx,sell my house fast wa,70.0,11,0.0,I C,False
USHOMEBUY (3).xlsx,sell my house fast columbia mo,70.0,11,0.0,C,False
USHOMEBUY (3).xlsx,sell my house fast hawaii,70.0,11,19.45,C,False
USHOMEBUY (2).xlsx,cash home buyers in wilmington delaware,70.0,12,0.0,C,True
USHOMEBUY (2).xlsx,foreclosed homes in norfolk va,70.0,12,0.7,C,True
USHOMEBUY (3).xlsx,sell my house fast antioch ca,70.0,12,26.95,C,False
USHOMEBUY (3).xlsx,sell my house fast laurens sc,70.0,12,0.0,C,False
USHOMEBUY (2).xlsx,process of buying a house in delaware,70.0,13,0.0,I,True
USHOMEBUY (2).xlsx,seller closing costs maryland,70.0,13,0.0,I,True
USHOMEBUY (2).xlsx,virginia seized property auctions online,70.0,13,0.57,I,True
USHOMEBUY (3).xlsx,cash for my house washington,70.0,13,0.0,C,True
USHOMEBUY (3).xlsx,sell my house fast washington state,70.0,13,0.0,C,True
USHOMEBUY (3).xlsx,sell my house for cash columbia,70.0,13,38.4,C,False
USHOMEBUY (3).xlsx,sell my house fast ri,70.0,13,9.44,I C,False
USHOMEBUY (2).xlsx,cash home buyers in northern virginia,70.0,14,0.0,C,True
USHOMEBUY (2).xlsx,sell my house without agent in maryland,70.0,14,0.0,I,True
USHOMEBUY (2).xlsx,selling a house in maryland,70.0,14,15.38,I,True
USHOMEBUY (2).xlsx,we buy houses in delaware county,70.0,14,0.0,I,True
USHOMEBUY (2).xlsx,maryland home auctions,70.0,14,0.51,C,True
USHOMEBUY (2).xlsx,gov auctions va,70.0,14,0.1,C,True
USHOMEBUY (3).xlsx,sell my house for cash baltimore,70.0,14,17.72,C,True
USHOMEBUY (2).xlsx,can you buy foreclosed homes with a va loan,70.0,15,7.33,I,True
USHOMEBUY (2).xlsx,maryland homeowner assistance fund,70.0,15,3.14,I,True
USHOMEBUY (2).xlsx,transfer va loan to conventional,70.0,15,0.0,I,True
USHOMEBUY (3).xlsx,sell my house fast birmingham,70.0,15,13.55,C,False
USHOMEBUY (3).xlsx,sell my house fast boston,70.0,15,15.71,C,False
USHOMEBUY (3).xlsx,need to sell my house fast tampa,70.0,15,40.46,I C,False
USHOMEBUY (3).xlsx,sell my house fast cincinnati oh,70.0,15,42.36,C,False
USHOMEBUY (3).xlsx,sell my baltimore house fast,70.0,15,34.78,C,True
USHOMEBUY (3).xlsx,sell my house fast burlington county nj,70.0,15,0.0,I C,False
USHOMEBUY (2).xlsx,selling a home in maryland,70.0,16,11.04,I,True
USHOMEBUY (3).xlsx,we buy houses fast baltimore,70.0,16,0.0,T,True
USHOMEBUY (3).xlsx,sell my house fast ca,70.0,16,38.4,C,False
USHOMEBUY (3).xlsx,sell my house fast columbia south carolina,70.0,16,0.0,C,False
USHOMEBUY (3).xlsx,sell my house fast boston ma,70.0,16,0.0,C,False
USHOMEBUY (3).xlsx,sell my house fast east memphis tn,70.0,16,18.3,I C,False
USHOMEBUY (2).xlsx,virginia cash home buyers,70.0,17,0.0,C,True
USHOMEBUY (2).xlsx,sell your house fast in maryland,70.0,17,0.0,C,True
USHOMEBUY (2).xlsx,foreclosures in northern va,70.0,17,0.2,C,True
USHOMEBUY (3).xlsx,sell my house fast for cash matawan nj,70.0,17,0.0,C,False
USHOMEBUY (3).xlsx,sell my house fast seattle washington,70.0,17,7.21,C,True
USHOMEBUY (3).xlsx,sell my house fast maine,70.0,17,32.49,C,False
USHOMEBUY (3).xlsx,cash for house baltimore,70.0,17,0.0,C,True
USHOMEBUY (3).xlsx,sell my house cash salt lake city utah,70.0,17,0.0,C,False
USHOMEBUY (2).xlsx,can i purchase a foreclosure with a va loan,70.0,18,5.0,I,True
USHOMEBUY (2).xlsx,can you purchase a foreclosed home with a va loan,70.0,18,5.37,I,True
USHOMEBUY (2).xlsx,for sale by owner va,70.0,18,0.47,T,True
USHOMEBUY (2).xlsx,virginia title insurance,70.0,18,2.78,I,True
USHOMEBUY (3).xlsx,sell your house fast in philadelphia,70.0,18,24.07,C,True
USHOMEBUY (3).xlsx,sell my house fast birmingham alabama,70.0,18,0.0,C,False
USHOMEBUY (3).xlsx,sell my house fast in houston tx,70.0,19,35.22,C,False
USHOMEBUY (2).xlsx,foreclosures in chesapeake va,70.0,20,0.52,C,True
USHOMEBUY (2).xlsx,va loan cap california,70.0,20,3.76,I,True
USHOMEBUY (3).xlsx,cash for houses pennsylvania,70.0,20,0.0,C,True
USHOMEBUY (3).xlsx,we buy houses for cash platte city mo,70.0,20,0.0,T,False
USHOMEBUY (3).xlsx,we buy houses for cash sacramento,70.0,20,0.0,T,False
USHOMEBUY (3).xlsx,sell my house fast metro detroit michigan,70.0,20,0.0,I C,True
USHOMEBUY (3).xlsx,sell my house cash seattle,70.0,20,7.21,C,False
USHOMEBUY (3).xlsx,sell my house fast jax,70.0,20,0.0,C,False
USHOMEBUY (3).xlsx,sell my house fast grand rapids mi,70.0,20,0.0,C,False
USHOMEBUY (3).xlsx,sell my house fast cedar rapids,70.0,20,0.0,C,False
USHOMEBUY (3).xlsx,sell my house fast florissant mo,70.0,20,22.43,C,False
USHOMEBUY (3).xlsx,sell my house fast cleveland oh,70.0,21,22.39,C,False
USHOMEBUY (3).xlsx,sell my house for cash orlando,70.0,21,0.0,C,False
USHOMEBUY (3).xlsx,sell my house fast in philadelphia pa,70.0,21,20.52,C,True
USHOMEBUY (3).xlsx,sell my house fast central florida,70.0,21,0.0,C,False
USHOMEBUY (2).xlsx,delaware foreclosure rate increase,70.0,22,0.0,I,True
USHOMEBUY (2).xlsx,can a va loan be assumed by a non-veteran,70.0,22,2.02,I,True
USHOMEBUY (2).xlsx,police auctions va,70.0,22,0.09,I C,True
USHOMEBUY (2).xlsx,cash for my house maryland,70.0,23,0.0,I C,True
USHOMEBUY (2).xlsx,subastas de casas en pennsylvania,70.0,23,0.66,I,True
USHOMEBUY (2).xlsx,hud homes for sale virginia beach,70.0,23,1.12,T,True
USHOMEBUY (3).xlsx,we buy houses cash las vegas nv,70.0,23,0.0,T,False
USHOMEBUY (3).xlsx,we buy houses fast in dallas,70.0,23,7.23,T,False
USHOMEBUY (3).xlsx,sell my house cash michigan,70.0,23,0.0,C,False
USHOMEBUY (3).xlsx,sell my house fast in nj,70.0,23,8.26,C,False
USHOMEBUY (2).xlsx,va how much house can i afford,70.0,24,6.44,I,True
USHOMEBUY (2).xlsx,foreclosure homes in virginia,70.0,25,0.39,C,True
USHOMEBUY (3).xlsx,we buy houses fast los angeles,70.0,25,0.0,C,False
USHOMEBUY (3).xlsx,we buy houses for cash dallas,70.0,25,0.0,T,False
USHOMEBUY (3).xlsx,we buy houses cash houston tx,70.0,25,0.0,C,False
USHOMEBUY (3).xlsx,sell my house fast in jacksonville fl,70.0,25,16.26,C,False
USHOMEBUY (2).xlsx,foreclosure process in md,70.0,26,1.37,I,True
USHOMEBUY (2).xlsx,va mortgage calculator how much can i afford,70.0,26,4.12,I,True
USHOMEBUY (2).xlsx,abandoned property for sale in virginia,70.0,26,0.26,I,True
USHOMEBUY (3).xlsx,sell my house fast north las vegas,70.0,26,28.41,C,False
USHOMEBUY (3).xlsx,sell my house fast for cash san antonio,70.0,26,0.0,C,False
USHOMEBUY (3).xlsx,sell my house fast orlando florida,70.0,26,27.85,C,False
USHOMEBUY (3).xlsx,sell my house fast in georgia,70.0,26,30.88,C,False
MissingUSHOMEBUY.xlsx,sell my house dallas texas,70.0,26,23.7,C,False
USHOMEBUY (2).xlsx,best home buyers in virginia,70.0,27,0.0,C,True
USHOMEBUY (2).xlsx,abandoned homes for sale maryland,70.0,27,0.27,T,True
USHOMEBUY (2).xlsx,va reo properties,70.0,27,2.02,C,True
USHOMEBUY (2).xlsx,va auction homes,70.0,27,0.53,I,True
USHOMEBUY (3).xlsx,sell my house fast in san antonio texas,70.0,27,24.48,C,False
USHOMEBUY (3).xlsx,sell my house fast in san antonio tx,70.0,27,24.48,C,False
USHOMEBUY (2).xlsx,companies that buy houses in delaware,70.0,28,0.0,C,True
USHOMEBUY (2).xlsx,maryland foreclosure procedure,70.0,28,1.37,I,True
USHOMEBUY (2).xlsx,mortgage assistance virginia,70.0,28,6.75,I,True
USHOMEBUY (2).xlsx,mortgage calculator md,70.0,28,0.88,C,True
USHOMEBUY (3).xlsx,we buy houses fast san diego,70.0,28,0.0,T,False
USHOMEBUY (3).xlsx,sell my house fast in illinois,70.0,28,26.65,C,False
USHOMEBUY (3).xlsx,sell my house fast nyc,70.0,28,7.62,C,False
USHOMEBUY (3).xlsx,sell my house fast chicago illinois,70.0,28,0.0,C,False
USHOMEBUY (3).xlsx,sell my house fast for cash florida,70.0,28,38.4,C,False
USHOMEBUY (2).xlsx,maryland cash home buyers,70.0,29,31.98,C,True
USHOMEBUY (2).xlsx,foreclosed homes virginia,70.0,29,0.41,C,True
USHOMEBUY (2).xlsx,maryland heights sell my house for cash,50.0,0,0.0,I,True
USHOMEBUY (2).xlsx,divorce settlement appraisals md,50.0,0,0.0,I,True
USHOMEBUY (2).xlsx,virginia divorce auto appraisal,50.0,0,0.0,I,True
USHOMEBUY (2).xlsx,sell my house fast hopewell va,50.0,0,0.0,C,True
USHOMEBUY (3).xlsx,we buy houses for cash freeport ny,50.0,0,0.0,T,False
USHOMEBUY (3).xlsx,sell my house fast berwyn,50.0,0,0.0,I C,False
USHOMEBUY (3).xlsx,sell my house fast cleveland tn,50.0,0,22.39,I C,False
USHOMEBUY (3).xlsx,sell my house fast federal way washington,50.0,0,0.0,I C,True
USHOMEBUY (3).xlsx,sell my house for cash greenville,50.0,0,0.0,C,False
USHOMEBUY (3).xlsx,sell my house fast wayne pa,50.0,0,34.78,I C,False
USHOMEBUY (3).xlsx,sell my house fast burlington nc,50.0,0,0.0,I C,False
USHOMEBUY (3).xlsx,sell my house fast newark ca,50.0,0,0.0,I C,True
USHOMEBUY (3).xlsx,sell my house for cash penryn ca,50.0,0,0.0,I C,False
USHOMEBUY (3).xlsx,sell my house fast eastpointe michigan,50.0,0,0.0,I C,False
USHOMEBUY (3).xlsx,sell my house fast grosse pointe michigan,50.0,0,0.0,I C,False
USHOMEBUY (3).xlsx,sell my house fast leland,50.0,0,0.0,C,False
USHOMEBUY (3).xlsx,sell my house fast richland hills,50.0,0,0.0,C,False
USHOMEBUY (3).xlsx,sell my house fast carmichael ca,50.0,0,38.4,C,False
USHOMEBUY (3).xlsx,sell my house fast hazel park mi,50.0,0,0.0,C,False
USHOMEBUY (3).xlsx,sell my house fast oakland county michigan,50.0,0,0.0,C,False
USHOMEBUY (3).xlsx,sell my house fast in ellisville mo,50.0,0,0.0,C,False
MissingUSHOMEBUY.xlsx,we buy houses in cypress tx,50.0,0,0.0,I,False
USHOMEBUY (3).xlsx,sell my house fast in kirkwood mo,50.0,1,0.0,C,False
USHOMEBUY (3).xlsx,sell my house fast kerrville tx,50.0,1,37.76,C,False
USHOMEBUY (3).xlsx,sell my house fast monmouth county nj,50.0,1,29.15,C,False
USHOMEBUY (2).xlsx,how much are closing costs in west virginia,50.0,2,0.0,I,True
USHOMEBUY (2).xlsx,idaho va loan limits,50.0,2,0.0,I,True
USHOMEBUY (2).xlsx,va assumable mortgage listings,50.0,2,3.99,C,True
USHOMEBUY (2).xlsx,jumbo loan maryland,50.0,2,5.44,I,True
USHOMEBUY (3).xlsx,cash home buyers in dover,50.0,2,0.0,I C,True
USHOMEBUY (3).xlsx,cash home buyers federal way,50.0,2,0.0,C,True
USHOMEBUY (3).xlsx,sell my house fast helotes tx,50.0,2,0.0,C,False
USHOMEBUY (3).xlsx,sell my house fast newark,50.0,2,0.0,C,True
USHOMEBUY (3).xlsx,sell my house fast fort smith ar,50.0,2,0.0,C,False
USHOMEBUY (3).xlsx,sell my house fast ahwatukee arizona,50.0,2,0.0,C,False
USHOMEBUY (3).xlsx,sell my house fast windsor,50.0,2,34.78,C,False
USHOMEBUY (3).xlsx,sell my house fast russellville ar,50.0,2,0.0,I C,False
USHOMEBUY (3).xlsx,sell my house fast selma tx,50.0,2,0.0,C,False
MissingUSHOMEBUY.xlsx,sell my house fast euless tx,50.0,2,10.74,C I,False
USHOMEBUY (2).xlsx,virginia beach foreclosure auctions,50.0,3,0.33,C,True
USHOMEBUY (3).xlsx,we buy houses for cash in seattle,50.0,3,0.0,T,False
USHOMEBUY (3).xlsx,sell my house for cash hot springs ar,50.0,3,0.0,I C,False
USHOMEBUY (2).xlsx,taxes on selling a house in virginia,50.0,4,0.0,I,True
USHOMEBUY (2).xlsx,foreclosure lawyers in maryland,50.0,4,4.6,C,True
USHOMEBUY (3).xlsx,sell my house fast foreclosure florida,50.0,4,0.0,I C,False
USHOMEBUY (3).xlsx,sell my house fast central ohio,50.0,4,0.0,C,False
USHOMEBUY (3).xlsx,sell my house for cash topeka,50.0,4,0.0,C,False
USHOMEBUY (3).xlsx,sell my house fast olive branch ms,50.0,4,0.0,C,False
USHOMEBUY (2).xlsx,foreclosures in richmond va,50.0,5,0.42,C,True
USHOMEBUY (3).xlsx,sell my house fast shreveport,50.0,5,0.0,C,False
USHOMEBUY (3).xlsx,sell my house fast sun city arizona,50.0,5,0.0,C,False
USHOMEBUY (3).xlsx,sell my house fast tonganoxie,50.0,5,0.0,C,False
USHOMEBUY (3).xlsx,sell my house fast lake charles,50.0,5,15.56,C,False
USHOMEBUY (3).xlsx,sell my house for cash carrollton,50.0,5,38.4,C,False
USHOMEBUY (3).xlsx,sell your house fast in bordentown nj,50.0,5,0.0,I C,True
USHOMEBUY (1).xlsx,sell my house in canyon,50.0,5,0.0,I,False
USHOMEBUY (2).xlsx,sell your house fast in virginia,50.0,6,0.0,I,True
USHOMEBUY (2).xlsx,how much are closing costs in maryland,50.0,6,2.67,I,True
USHOMEBUY (2).xlsx,can you waive escrows on a va loan,50.0,6,0.0,I,True
USHOMEBUY (3).xlsx,sell my house fast for cash columbia,50.0,6,38.4,C,False
USHOMEBUY (3).xlsx,sell my house fast salt lake city utah,50.0,6,28.66,C,False
USHOMEBUY (3).xlsx,sell my house for cash nky,50.0,6,53.22,I C,False
USHOMEBUY (2).xlsx,foreclosure homes alexandria va,50.0,7,0.42,C,True
USHOMEBUY (3).xlsx,need to sell my house fast columbia mo,50.0,7,0.0,C,False
USHOMEBUY (3).xlsx,sell my house for cash washington,50.0,7,33.47,C,True
USHOMEBUY (3).xlsx,sell my house fast st. petersburg,50.0,7,0.0,C,False
USHOMEBUY (3).xlsx,sell my house fast lake city,50.0,7,28.66,C,False
USHOMEBUY (3).xlsx,sell my house fast gainesville,50.0,8,0.0,C,False
USHOMEBUY (3).xlsx,sell my house fast longview,50.0,8,0.0,I C,False
USHOMEBUY (2).xlsx,sell house fast virginia beach va,50.0,9,0.0,C,True
USHOMEBUY (2).xlsx,best time to sell a house in virginia,50.0,9,0.0,C,True
USHOMEBUY (2).xlsx,seller closing costs west virginia,50.0,9,0.0,I,True
USHOMEBUY (2).xlsx,foreclosures in virginia beach,50.0,9,0.49,C,True
USHOMEBUY (3).xlsx,sell my house fast for cash columbia mo,50.0,9,0.0,C,False
USHOMEBUY (3).xlsx,sell my house for cash fast louisville,50.0,9,26.58,C,False
USHOMEBUY (3).xlsx,sell my house fast in scottsdale az,50.0,9,12.83,C,False
USHOMEBUY (3).xlsx,sell my house fast lombard il,50.0,9,0.0,I C,False
USHOMEBUY (2).xlsx,que pasa si dejo de pagar mi carro,50.0,10,0.0,I,True
USHOMEBUY (3).xlsx,we buy homes portland cash,50.0,10,0.0,C,False
USHOMEBUY (3).xlsx,we buy houses for cash atlanta,50.0,10,0.0,C,False
USHOMEBUY (3).xlsx,sell my house for cash kentucky,50.0,10,0.0,I C,False
USHOMEBUY (3).xlsx,sell my house fast lafayette la,50.0,10,0.0,C,False
USHOMEBUY (3).xlsx,sell my house fast in fort worth tx,50.0,10,37.76,C,False
USHOMEBUY (2).xlsx,cash home buyers baltimore md,50.0,11,0.0,C,True
USHOMEBUY (2).xlsx,we buy houses in probate maryland,50.0,11,0.0,I,True
USHOMEBUY (2).xlsx,va loan houses for sale,50.0,11,9.89,I,True
USHOMEBUY (3).xlsx,sell house fast detroit,50.0,11,15.37,C,True
USHOMEBUY (3).xlsx,sell my house for cash in atlanta ga,50.0,11,19.62,C,False
USHOMEBUY (3).xlsx,sell my house for cash atlanta ga,50.0,11,19.62,C,False
USHOMEBUY (3).xlsx,sell my house fast mobile,50.0,11,34.78,C,False
USHOMEBUY (2).xlsx,can a non veteran assume my va loan,50.0,12,0.0,I,True
USHOMEBUY (3).xlsx,we buy houses for cash columbia mo,50.0,12,0.0,T,False
USHOMEBUY (3).xlsx,sell my house fast for cash omaha,50.0,12,0.0,C,False
USHOMEBUY (3).xlsx,sell my house fast in new york,50.0,12,11.36,C,False
USHOMEBUY (3).xlsx,we buy houses cash signs,50.0,12,4.75,T,False
MissingUSHOMEBUY.xlsx,we buy houses in cypress,50.0,12,0.0,T,False
USHOMEBUY (2).xlsx,sell your house fast maryland,50.0,13,0.0,C,True
USHOMEBUY (2).xlsx,we buy houses harford county md,50.0,13,0.0,I,True
USHOMEBUY (2).xlsx,subasta de casas en pennsylvania,50.0,13,0.66,I,True
USHOMEBUY (3).xlsx,sell my house fast in cincinnati,50.0,13,42.36,C,False
USHOMEBUY (3).xlsx,sell my house fast el paso tx,50.0,13,0.0,C,False
USHOMEBUY (3).xlsx,sell my house fast for cash nashville,50.0,14,67.88,C,False
USHOMEBUY (3).xlsx,sell my house cash columbus,50.0,14,53.22,C,False
USHOMEBUY (3).xlsx,sell my house fast florida fl,50.0,14,0.0,C,False
USHOMEBUY (3).xlsx,sell my house fast grand rapids michigan,50.0,14,0.0,C,False
USHOMEBUY (3).xlsx,sell my house fast in massachusetts,50.0,14,28.54,C,False
USHOMEBUY (3).xlsx,sell my house fast alaska,50.0,14,0.0,I C,False
USHOMEBUY (3).xlsx,sell my house fast dayton oh,50.0,14,24.69,C,False
USHOMEBUY (3).xlsx,sell my house fast in chesterfield mo,50.0,14,0.0,C,False
USHOMEBUY (2).xlsx,va loan limits 2021,50.0,15,0.0,I,True
USHOMEBUY (3).xlsx,sell my house for cash pennsylvania,50.0,15,0.0,C,True
USHOMEBUY (3).xlsx,cash home buyer washington,50.0,15,23.47,I C,True
USHOMEBUY (3).xlsx,sell my house fast gainesville fl,50.0,15,0.0,C,False
USHOMEBUY (3).xlsx,sell my house fast north myrtle beach sc,50.0,15,0.0,I C,False
USHOMEBUY (3).xlsx,sell my house fast dayton ohio,50.0,15,0.0,T,False
USHOMEBUY (2).xlsx,sell my house fast harford county md,50.0,16,9.97,I C,True
USHOMEBUY (2).xlsx,foreclosed homes norfolk va,50.0,16,0.74,C,True
USHOMEBUY (2).xlsx,houses for auction in maryland,50.0,16,0.46,I,True
USHOMEBUY (3).xlsx,we buy houses fast in louisville ky,50.0,16,0.0,C,False
USHOMEBUY (3).xlsx,sell my house fast in missouri,50.0,16,0.0,C,False
USHOMEBUY (3).xlsx,sell my house fast in miami fl,50.0,16,17.13,C,False
USHOMEBUY (2).xlsx,we buy houses for cash delaware,50.0,17,0.0,C,True
USHOMEBUY (2).xlsx,seller closing costs virginia,50.0,17,0.0,I,True
USHOMEBUY (2).xlsx,help with foreclosure in md,50.0,17,5.42,I,True
USHOMEBUY (2).xlsx,foreclosed homes in chesapeake va,50.0,17,0.6,C,True
USHOMEBUY (3).xlsx,cash buyers in baltimore,50.0,17,0.0,C,True
USHOMEBUY (3).xlsx,sell my house fast salt lake city ut,50.0,17,0.0,C,False
USHOMEBUY (2).xlsx,free foreclosure listings in delaware,50.0,18,0.51,C,True
USHOMEBUY (2).xlsx,home auctions maryland,50.0,18,0.51,C,True
USHOMEBUY (3).xlsx,cash home buyers pennsylvania,50.0,18,0.0,C,True
USHOMEBUY (3).xlsx,sell my house fast for cash utah,50.0,18,0.0,C,False
USHOMEBUY (3).xlsx,sell house fast dc,50.0,18,0.0,C,True
USHOMEBUY (3).xlsx,sell my house fast in ct,50.0,18,10.2,C,False
USHOMEBUY (2).xlsx,programas para compradores de casa por primera vez,50.0,19,2.85,I,True
USHOMEBUY (2).xlsx,best time to sell a house in maryland,50.0,19,0.0,C,True
USHOMEBUY (2).xlsx,how to stop foreclosure in maryland,50.0,19,4.92,I,True
USHOMEBUY (2).xlsx,who pays closing costs in maryland,50.0,19,0.0,I,True
USHOMEBUY (2).xlsx,closing cost calculator delaware,50.0,19,0.0,I,True
USHOMEBUY (3).xlsx,sell my house cash atlanta,50.0,19,0.0,C,False
USHOMEBUY (3).xlsx,sell my house for cash missouri,50.0,19,0.0,C,False
USHOMEBUY (3).xlsx,sell my house for cash los angeles,50.0,19,36.22,C,False
USHOMEBUY (3).xlsx,sell my house for cash san diego,50.0,19,79.08,C,False
USHOMEBUY (3).xlsx,we buy houses fast in los angeles,50.0,19,0.0,C,False
USHOMEBUY (2).xlsx,sell my home maryland,50.0,20,0.0,C,True
USHOMEBUY (2).xlsx,foreclosure listings virginia,50.0,20,0.47,C,True
USHOMEBUY (2).xlsx,subasta de casa en pennsylvania,50.0,20,0.6,C,True
USHOMEBUY (2).xlsx,foreclosed homes in northern va,50.0,20,0.2,C,True
USHOMEBUY (3).xlsx,we buy houses cash atlanta,50.0,20,0.0,C,False
USHOMEBUY (3).xlsx,we buy houses as is condition phoenix,50.0,20,0.0,C,False
USHOMEBUY (3).xlsx,cash for houses detroit,50.0,20,0.0,C,True
USHOMEBUY (3).xlsx,sell my house fast ct,50.0,20,15.59,C,False
USHOMEBUY (3).xlsx,sell my house fast new jersey nj,50.0,20,16.83,C,False
USHOMEBUY (2).xlsx,cash for property virginia beach,50.0,21,0.0,I,True
USHOMEBUY (2).xlsx,foreclosure help in maryland,50.0,21,5.42,I,True
USHOMEBUY (3).xlsx,sell my house as is chicago,50.0,21,24.12,I C,False
USHOMEBUY (3).xlsx,sell my house fast for cash indianapolis,50.0,21,0.0,C,False
USHOMEBUY (3).xlsx,sell my house fast indianapolis in,50.0,21,21.54,C,False
USHOMEBUY (3).xlsx,sell my house fast des moines ia,50.0,21,0.0,C,True
USHOMEBUY (3).xlsx,sell my house fast in jacksonville,50.0,21,14.25,C,False
USHOMEBUY (3).xlsx,sell my house fast for cash tampa,50.0,21,33.47,C,False
USHOMEBUY (3).xlsx,sell my house fast baltimore easy home buyer llc,50.0,21,0.0,C,True
USHOMEBUY (2).xlsx,sell my house for cash maryland,50.0,22,0.0,C,True
USHOMEBUY (2).xlsx,fha loan limits maryland,50.0,22,1.54,I,True
USHOMEBUY (2).xlsx,maryland foreclosure auctions,50.0,22,0.26,I C,True
USHOMEBUY (2).xlsx,window replacement program maryland,50.0,22,9.95,I,True
USHOMEBUY (3).xlsx,we buy houses for cash long island,50.0,22,0.0,T,False
USHOMEBUY (3).xlsx,we buy houses for cash dallas tx,50.0,22,0.0,T,False
USHOMEBUY (3).xlsx,we buy houses for cash little rock ar,50.0,22,0.0,T,False
USHOMEBUY (3).xlsx,cash home buyers in metro detroit,50.0,22,0.0,C,True
USHOMEBUY (3).xlsx,sell my house fast south jersey,50.0,22,0.0,C,False
USHOMEBUY (3).xlsx,sell my house fast in long island,50.0,22,0.0,C,False
USHOMEBUY (3).xlsx,sell my house fast south houston,50.0,22,35.22,C,False
USHOMEBUY (2).xlsx,we buy houses in west virginia,50.0,23,0.0,T,True
USHOMEBUY (2).xlsx,foreclosure homes in va,50.0,23,0.47,C,True
USHOMEBUY (2).xlsx,real estate auction virginia,50.0,23,0.62,C,True
USHOMEBUY (3).xlsx,sell my house cash long island ny,50.0,23,0.0,C,False
USHOMEBUY (3).xlsx,sell my house fast for cash sacramento,50.0,23,0.0,C,False
USHOMEBUY (3).xlsx,we buy houses fast in houston,50.0,23,0.0,T,False
USHOMEBUY (3).xlsx,sell my house for cash nashville tn,50.0,23,23.57,C,False
USHOMEBUY (3).xlsx,sell my house for cash in san diego,50.0,23,0.0,I C,False
USHOMEBUY (3).xlsx,cash buyers in pennsylvania,50.0,23,0.0,C,True
USHOMEBUY (3).xlsx,sell my house fast ga,50.0,23,34.78,C,False
USHOMEBUY (3).xlsx,sell my house fast tampa bay florida,50.0,23,16.89,C,False
USHOMEBUY (2).xlsx,sell my house fast md,50.0,24,34.78,I,True
USHOMEBUY (2).xlsx,foreclosure assistance maryland,50.0,24,5.42,I C,True
USHOMEBUY (2).xlsx,virginia property auctions,50.0,24,0.39,C,True
USHOMEBUY (3).xlsx,sell my house fast houston we buy houses cash,50.0,24,0.0,T,False
USHOMEBUY (3).xlsx,cash buyers in philadelphia,50.0,24,0.0,C,True
USHOMEBUY (3).xlsx,sell my house fast clearwater st. petersburg tampa florida,50.0,24,23.12,I C,False
USHOMEBUY (2).xlsx,we buy houses dover de,50.0,25,0.0,T,True
USHOMEBUY (2).xlsx,cash buyers maryland,50.0,25,18.55,C,True
USHOMEBUY (2).xlsx,bank foreclosures maryland,50.0,25,0.31,I C,True
USHOMEBUY (3).xlsx,sell my house fast for cash california,50.0,25,0.0,C,False
USHOMEBUY (3).xlsx,sell my house for cash dallas tx,50.0,25,9.61,C,False
USHOMEBUY (3).xlsx,sell my house fast baton rouge,50.0,25,0.0,C,False
USHOMEBUY (3).xlsx,sell my house fast oklahoma city oklahoma,50.0,25,22.57,C,False
USHOMEBUY (3).xlsx,sell my house fast in dallas tx,50.0,25,9.08,C,False
USHOMEBUY (3).xlsx,sell my house for cash charlotte,50.0,25,0.0,C,False
USHOMEBUY (2).xlsx,legitimate home buyers in maryland,50.0,26,0.0,I C,True
USHOMEBUY (2).xlsx,foreclosures in maryland free listings,50.0,26,0.4,C,True
USHOMEBUY (2).xlsx,casas de subastas cerca de mi,50.0,26,0.31,C,True
USHOMEBUY (3).xlsx,we buy houses for cash new york,50.0,26,0.0,T,False
USHOMEBUY (3).xlsx,we buy houses fast long island,50.0,26,0.0,T,False
USHOMEBUY (3).xlsx,we buy houses fast in jacksonville,50.0,26,0.0,T,False
USHOMEBUY (2).xlsx,foreclosure in virginia,50.0,27,0.3,C,True
USHOMEBUY (2).xlsx,abandoned houses for sale maryland,50.0,27,0.26,T,True
USHOMEBUY (2).xlsx,government land for sale in maryland,50.0,27,0.61,T,True
USHOMEBUY (2).xlsx,foreclosure homes for sale in maryland,50.0,28,0.34,T,True
USHOMEBUY (2).xlsx,delaware home auctions,50.0,28,0.72,C,True
USHOMEBUY (3).xlsx,need to sell my house fast las vegas,50.0,28,0.0,C,False
USHOMEBUY (3).xlsx,sell my house fast suffolk county ny,50.0,28,19.06,I C,False
USHOMEBUY (2).xlsx,first time home buyer programs va,50.0,29,3.25,I,True
USHOMEBUY (2).xlsx,tax deed auction virginia online,50.0,29,0.66,I C,True
USHOMEBUY (3).xlsx,we buy houses for cash pennsylvania,50.0,29,0.0,T,True
USHOMEBUY (3).xlsx,sell my house to a cash buyer,50.0,29,0.0,I C,False
